scan_time,회차,번호,시각,종목,리그,경기,유형,구분,선택,베트맨,공정확률,기대값,근거,result,hit,비고
2026-10-07 10:26,119,6706,2026-10-07 10:30,야구,MLB,샌디에이고 파드리스 vs 밀워키 브루어스,일반 승패,일반,승,1.58,56.4,0.891,직접,승,1,스코어 4:3
2026-10-07 10:26,119,6706,2026-10-07 10:30,야구,MLB,샌디에이고 파드리스 vs 밀워키 브루어스,일반 승패,일반,패,1.99,43.6,0.868,직접,승,0,스코어 4:3
2026-10-07 10:26,119,6708,2026-10-07 10:30,야구,MLB,샌디에이고 파드리스 vs 밀워키 브루어스,일반 소수핸디캡,H-2.5,승,3.23,26.7,0.863,직접,패,0,스코어 1.5:3
2026-10-07 10:26,119,6708,2026-10-07 10:30,야구,MLB,샌디에이고 파드리스 vs 밀워키 브루어스,일반 소수핸디캡,H-2.5,패,1.21,73.3,0.887,직접,패,1,스코어 1.5:3
2026-10-07 10:26,119,6709,2026-10-07 10:30,야구,MLB,샌디에이고 파드리스 vs 밀워키 브루어스,일반 언더오버,U/O 7.5,언더,1.76,50.5,0.888,직접,승,1,스코어 7:0
2026-10-07 10:26,119,6709,2026-10-07 10:30,야구,MLB,샌디에이고 파드리스 vs 밀워키 브루어스,일반 언더오버,U/O 7.5,오버,1.76,49.5,0.872,직접,승,0,스코어 7:0
2026-10-07 08:56,119,6770,2026-10-07 09:00,축구,남자축구 국제친선경기,미국 vs 캐나다,승무패,일반,무,3.7,22.7,0.84,직접,승,0,스코어 1:0
2026-10-07 08:56,119,6770,2026-10-07 09:00,축구,남자축구 국제친선경기,미국 vs 캐나다,승무패,일반,승,1.62,53.7,0.87,직접,승,1,스코어 1:0
2026-10-07 08:56,119,6770,2026-10-07 09:00,축구,남자축구 국제친선경기,미국 vs 캐나다,승무패,일반,패,3.8,23.6,0.895,직접,승,0,스코어 1:0
2026-10-07 08:56,119,6771,2026-10-07 09:00,축구,남자축구 국제친선경기,미국 vs 캐나다,일반 정수핸디캡,H-1,무,3.45,23.4,0.808,직접,무,1,스코어 0:0
2026-10-07 08:56,119,6771,2026-10-07 09:00,축구,남자축구 국제친선경기,미국 vs 캐나다,일반 정수핸디캡,H-1,승,2.85,30.3,0.862,직접,무,0,스코어 0:0
2026-10-07 08:56,119,6771,2026-10-07 09:00,축구,남자축구 국제친선경기,미국 vs 캐나다,일반 정수핸디캡,H-1,패,1.97,46.3,0.913,직접,무,0,스코어 0:0
2026-10-07 08:56,119,6772,2026-10-07 09:00,축구,남자축구 국제친선경기,미국 vs 캐나다,일반 언더오버,U/O 2.5,언더,2.29,38.6,0.883,직접,승,1,스코어 1:0
2026-10-07 08:56,119,6772,2026-10-07 09:00,축구,남자축구 국제친선경기,미국 vs 캐나다,일반 언더오버,U/O 2.5,오버,1.43,61.4,0.879,직접,승,0,스코어 1:0
2026-10-07 09:26,119,6774,2026-10-07 09:30,축구,미국 메이저리그사커,시카고 파이어FC vs 밴쿠버 화이트캡스FC,승무패,일반,무,3.5,24.3,0.852,직접,승,0,스코어 3:1
2026-10-07 09:26,119,6774,2026-10-07 09:30,축구,미국 메이저리그사커,시카고 파이어FC vs 밴쿠버 화이트캡스FC,승무패,일반,승,2.65,33.7,0.894,직접,승,1,스코어 3:1
2026-10-07 09:26,119,6774,2026-10-07 09:30,축구,미국 메이저리그사커,시카고 파이어FC vs 밴쿠버 화이트캡스FC,승무패,일반,패,2.06,41.9,0.864,직접,승,0,스코어 3:1
2026-10-07 09:26,119,6775,2026-10-07 09:30,축구,미국 메이저리그사커,시카고 파이어FC vs 밴쿠버 화이트캡스FC,일반 정수핸디캡,H+1,무,3.8,19.3,0.735,역산모델,승,0,스코어 4:1
2026-10-07 09:26,119,6775,2026-10-07 09:30,축구,미국 메이저리그사커,시카고 파이어FC vs 밴쿠버 화이트캡스FC,일반 정수핸디캡,H+1,승,1.61,57.1,0.92,역산모델,승,1,스코어 4:1
2026-10-07 09:26,119,6775,2026-10-07 09:30,축구,미국 메이저리그사커,시카고 파이어FC vs 밴쿠버 화이트캡스FC,일반 정수핸디캡,H+1,패,3.75,23.5,0.882,역산모델,승,0,스코어 4:1
2026-10-07 09:26,119,6776,2026-10-07 09:30,축구,미국 메이저리그사커,시카고 파이어FC vs 밴쿠버 화이트캡스FC,일반 언더오버,U/O 3.5,언더,1.65,54.0,0.89,직접,패,0,스코어 4:0
2026-10-07 09:26,119,6776,2026-10-07 09:30,축구,미국 메이저리그사커,시카고 파이어FC vs 밴쿠버 화이트캡스FC,일반 언더오버,U/O 3.5,오버,1.89,46.0,0.87,직접,패,1,스코어 4:0
2026-10-07 11:26,119,6778,2026-10-07 11:30,축구,남자축구 국제친선경기,멕시코 vs 칠레,승무패,일반,무,3.65,22.0,0.804,직접,패,0,스코어 0:2
2026-10-07 11:26,119,6778,2026-10-07 11:30,축구,남자축구 국제친선경기,멕시코 vs 칠레,승무패,일반,승,1.51,61.2,0.925,직접,패,0,스코어 0:2
2026-10-07 11:26,119,6778,2026-10-07 11:30,축구,남자축구 국제친선경기,멕시코 vs 칠레,승무패,일반,패,4.7,16.7,0.786,직접,패,1,스코어 0:2
2026-10-07 11:26,119,6779,2026-10-07 11:30,축구,남자축구 국제친선경기,멕시코 vs 칠레,일반 정수핸디캡,H-1,무,3.15,27.3,0.859,직접,패,0,스코어 -1:2
2026-10-07 11:26,119,6779,2026-10-07 11:30,축구,남자축구 국제친선경기,멕시코 vs 칠레,일반 정수핸디캡,H-1,승,2.55,34.1,0.87,직접,패,0,스코어 -1:2
2026-10-07 11:26,119,6779,2026-10-07 11:30,축구,남자축구 국제친선경기,멕시코 vs 칠레,일반 정수핸디캡,H-1,패,2.27,38.6,0.876,직접,패,1,스코어 -1:2
2026-10-07 11:26,119,6780,2026-10-07 11:30,축구,남자축구 국제친선경기,멕시코 vs 칠레,일반 언더오버,U/O 2.5,언더,1.8,49.3,0.888,직접,승,1,스코어 2:0
2026-10-07 11:26,119,6780,2026-10-07 11:30,축구,남자축구 국제친선경기,멕시코 vs 칠레,일반 언더오버,U/O 2.5,오버,1.72,50.7,0.872,직접,승,0,스코어 2:0
2026-10-07 08:26,119,6782,2026-10-07 08:45,축구,남자축구 국제친선경기,콜롬비아 vs 페루,승무패,일반,무,4.0,20.8,0.833,직접,승,0,스코어 2:0
2026-10-07 08:26,119,6782,2026-10-07 08:45,축구,남자축구 국제친선경기,콜롬비아 vs 페루,승무패,일반,승,1.31,68.7,0.9,직접,승,1,스코어 2:0
2026-10-07 08:26,119,6782,2026-10-07 08:45,축구,남자축구 국제친선경기,콜롬비아 vs 페루,승무패,일반,패,7.3,10.5,0.766,직접,승,0,스코어 2:0
2026-10-07 08:26,119,6783,2026-10-07 08:45,축구,남자축구 국제친선경기,콜롬비아 vs 페루,일반 정수핸디캡,H-1,무,3.0,27.0,0.811,직접,승,0,스코어 1:0
2026-10-07 08:26,119,6783,2026-10-07 08:45,축구,남자축구 국제친선경기,콜롬비아 vs 페루,일반 정수핸디캡,H-1,승,2.15,42.0,0.903,직접,승,1,스코어 1:0
2026-10-07 08:26,119,6783,2026-10-07 08:45,축구,남자축구 국제친선경기,콜롬비아 vs 페루,일반 정수핸디캡,H-1,패,2.85,31.0,0.883,직접,승,0,스코어 1:0
2026-10-07 08:26,119,6784,2026-10-07 08:45,축구,남자축구 국제친선경기,콜롬비아 vs 페루,일반 언더오버,U/O 2.5,언더,1.65,55.9,0.922,직접,승,1,스코어 2:0
2026-10-07 08:26,119,6784,2026-10-07 08:45,축구,남자축구 국제친선경기,콜롬비아 vs 페루,일반 언더오버,U/O 2.5,오버,1.89,44.1,0.834,직접,승,0,스코어 2:0
2026-10-07 11:26,119,6813,2026-10-07 18:30,야구,KBO,LG 트윈스 vs 두산 베어스,일반 승패,일반,승,1.63,55.4,0.903,직접,,,
2026-10-07 11:26,119,6813,2026-10-07 18:30,야구,KBO,LG 트윈스 vs 두산 베어스,일반 승패,일반,패,1.91,44.6,0.851,직접,,,
2026-10-07 11:26,119,6815,2026-10-07 18:30,야구,KBO,LG 트윈스 vs 두산 베어스,일반 소수핸디캡,H-2.5,승,3.03,26.5,0.803,직접,,,
2026-10-07 11:26,119,6815,2026-10-07 18:30,야구,KBO,LG 트윈스 vs 두산 베어스,일반 소수핸디캡,H-2.5,패,1.24,73.5,0.911,직접,,,
2026-10-07 11:26,119,6816,2026-10-07 18:30,야구,KBO,LG 트윈스 vs 두산 베어스,일반 언더오버,U/O 8.5,언더,1.8,49.8,0.896,직접,,,
2026-10-07 11:26,119,6816,2026-10-07 18:30,야구,KBO,LG 트윈스 vs 두산 베어스,일반 언더오버,U/O 8.5,오버,1.72,50.2,0.864,직접,,,
2026-10-07 11:26,119,6821,2026-10-07 18:30,야구,KBO,롯데 자이언츠 vs KIA 타이거즈,일반 승패,일반,승,2.37,37.1,0.878,직접,,,
2026-10-07 11:26,119,6821,2026-10-07 18:30,야구,KBO,롯데 자이언츠 vs KIA 타이거즈,일반 승패,일반,패,1.4,62.9,0.881,직접,,,
2026-10-07 11:26,119,6823,2026-10-07 18:30,야구,KBO,롯데 자이언츠 vs KIA 타이거즈,일반 소수핸디캡,H+2.5,승,1.52,55.7,0.847,직접,,,
2026-10-07 11:26,119,6823,2026-10-07 18:30,야구,KBO,롯데 자이언츠 vs KIA 타이거즈,일반 소수핸디캡,H+2.5,패,2.09,44.3,0.926,직접,,,
2026-10-07 11:26,119,6824,2026-10-07 18:30,야구,KBO,롯데 자이언츠 vs KIA 타이거즈,일반 언더오버,U/O 10.5,언더,1.79,44.8,0.801,직접,,,
2026-10-07 11:26,119,6824,2026-10-07 18:30,야구,KBO,롯데 자이언츠 vs KIA 타이거즈,일반 언더오버,U/O 10.5,오버,1.73,55.2,0.955,직접,,,
2026-10-07 11:26,119,6829,2026-10-07 18:30,야구,KBO,SSG 랜더스 vs NC 다이노스,일반 승패,일반,승,1.63,55.7,0.908,직접,,,
2026-10-07 11:26,119,6829,2026-10-07 18:30,야구,KBO,SSG 랜더스 vs NC 다이노스,일반 승패,일반,패,1.91,44.3,0.846,직접,,,
2026-10-07 11:26,119,6831,2026-10-07 18:30,야구,KBO,SSG 랜더스 vs NC 다이노스,일반 소수핸디캡,H-2.5,승,2.97,27.2,0.807,직접,,,
2026-10-07 11:26,119,6831,2026-10-07 18:30,야구,KBO,SSG 랜더스 vs NC 다이노스,일반 소수핸디캡,H-2.5,패,1.25,72.8,0.91,직접,,,
2026-10-07 11:26,119,6832,2026-10-07 18:30,야구,KBO,SSG 랜더스 vs NC 다이노스,일반 언더오버,U/O 9.5,언더,1.8,49.0,0.882,직접,,,
2026-10-07 11:26,119,6832,2026-10-07 18:30,야구,KBO,SSG 랜더스 vs NC 다이노스,일반 언더오버,U/O 9.5,오버,1.72,51.0,0.877,직접,,,
2026-10-07 18:57,119,6853,2026-10-07 19:00,축구,일본 FA컵,가와사키 프론탈레 vs 테게바자로 미야자키,승무패,일반,무,4.6,18.6,0.854,직접,,,
2026-10-07 18:57,119,6853,2026-10-07 19:00,축구,일본 FA컵,가와사키 프론탈레 vs 테게바자로 미야자키,승무패,일반,승,1.29,68.0,0.877,직접,,,
2026-10-07 18:57,119,6853,2026-10-07 19:00,축구,일본 FA컵,가와사키 프론탈레 vs 테게바자로 미야자키,승무패,일반,패,6.4,13.4,0.859,직접,,,
2026-10-07 18:57,119,6854,2026-10-07 19:00,축구,일본 FA컵,가와사키 프론탈레 vs 테게바자로 미야자키,일반 정수핸디캡,H-1,무,3.2,23.8,0.761,직접,,,
2026-10-07 18:57,119,6854,2026-10-07 19:00,축구,일본 FA컵,가와사키 프론탈레 vs 테게바자로 미야자키,일반 정수핸디캡,H-1,승,1.99,44.6,0.887,직접,,,
2026-10-07 18:57,119,6854,2026-10-07 19:00,축구,일본 FA컵,가와사키 프론탈레 vs 테게바자로 미야자키,일반 정수핸디캡,H-1,패,3.0,31.7,0.95,직접,,,
2026-10-07 18:57,119,6855,2026-10-07 19:00,축구,일본 FA컵,가와사키 프론탈레 vs 테게바자로 미야자키,일반 언더오버,U/O 2.5,언더,2.22,37.3,0.828,직접,,,
2026-10-07 18:57,119,6855,2026-10-07 19:00,축구,일본 FA컵,가와사키 프론탈레 vs 테게바자로 미야자키,일반 언더오버,U/O 2.5,오버,1.46,62.7,0.916,직접,,,
2026-10-07 18:57,119,6857,2026-10-07 19:00,축구,일본 FA컵,파지아노 오카야마 vs 제프 유나이티드,승무패,일반,무,3.1,28.2,0.875,직접,,,
2026-10-07 18:57,119,6857,2026-10-07 19:00,축구,일본 FA컵,파지아노 오카야마 vs 제프 유나이티드,승무패,일반,승,2.05,42.3,0.867,직접,,,
2026-10-07 18:57,119,6857,2026-10-07 19:00,축구,일본 FA컵,파지아노 오카야마 vs 제프 유나이티드,승무패,일반,패,2.95,29.5,0.87,직접,,,
2026-10-07 18:57,119,6858,2026-10-07 19:00,축구,일본 FA컵,파지아노 오카야마 vs 제프 유나이티드,일반 정수핸디캡,H-1,무,3.5,21.8,0.762,역산모델,,,
2026-10-07 18:57,119,6858,2026-10-07 19:00,축구,일본 FA컵,파지아노 오카야마 vs 제프 유나이티드,일반 정수핸디캡,H-1,승,3.95,20.5,0.808,역산모델,,,
2026-10-07 18:57,119,6858,2026-10-07 19:00,축구,일본 FA컵,파지아노 오카야마 vs 제프 유나이티드,일반 정수핸디캡,H-1,패,1.64,57.8,0.947,역산모델,,,
2026-10-07 18:57,119,6859,2026-10-07 19:00,축구,일본 FA컵,파지아노 오카야마 vs 제프 유나이티드,일반 언더오버,U/O 2.5,언더,1.75,53.1,0.929,직접,,,
2026-10-07 18:57,119,6859,2026-10-07 19:00,축구,일본 FA컵,파지아노 오카야마 vs 제프 유나이티드,일반 언더오버,U/O 2.5,오버,1.77,46.9,0.83,직접,,,
2026-10-07 18:57,119,6861,2026-10-07 19:00,축구,일본 FA컵,시미즈 에스펄스 vs V바렌 나가사키,승무패,일반,무,3.0,28.1,0.844,직접,,,
2026-10-07 18:57,119,6861,2026-10-07 19:00,축구,일본 FA컵,시미즈 에스펄스 vs V바렌 나가사키,승무패,일반,승,1.99,42.3,0.841,직접,,,
2026-10-07 18:57,119,6861,2026-10-07 19:00,축구,일본 FA컵,시미즈 에스펄스 vs V바렌 나가사키,승무패,일반,패,3.2,29.6,0.947,직접,,,
2026-10-07 18:57,119,6862,2026-10-07 19:00,축구,일본 FA컵,시미즈 에스펄스 vs V바렌 나가사키,일반 정수핸디캡,H-1,무,3.2,22.0,0.705,역산모델,,,
2026-10-07 18:57,119,6862,2026-10-07 19:00,축구,일본 FA컵,시미즈 에스펄스 vs V바렌 나가사키,일반 정수핸디캡,H-1,승,4.0,20.3,0.81,역산모델,,,
2026-10-07 18:57,119,6862,2026-10-07 19:00,축구,일본 FA컵,시미즈 에스펄스 vs V바렌 나가사키,일반 정수핸디캡,H-1,패,1.7,57.7,0.981,역산모델,,,
2026-10-07 18:57,119,6863,2026-10-07 19:00,축구,일본 FA컵,시미즈 에스펄스 vs V바렌 나가사키,일반 언더오버,U/O 2.5,언더,1.6,55.0,0.879,직접,,,
2026-10-07 18:57,119,6863,2026-10-07 19:00,축구,일본 FA컵,시미즈 에스펄스 vs V바렌 나가사키,일반 언더오버,U/O 2.5,오버,1.96,45.0,0.883,직접,,,
2026-10-07 18:57,119,6865,2026-10-07 19:00,축구,일본 FA컵,FC도쿄 vs 쇼난 벨마레,승무패,일반,무,3.6,24.6,0.885,직접,,,
2026-10-07 18:57,119,6865,2026-10-07 19:00,축구,일본 FA컵,FC도쿄 vs 쇼난 벨마레,승무패,일반,승,1.5,61.4,0.921,직접,,,
2026-10-07 18:57,119,6865,2026-10-07 19:00,축구,일본 FA컵,FC도쿄 vs 쇼난 벨마레,승무패,일반,패,4.9,14.0,0.687,직접,,,
2026-10-07 18:57,119,6866,2026-10-07 19:00,축구,일본 FA컵,FC도쿄 vs 쇼난 벨마레,일반 정수핸디캡,H-1,무,3.2,24.7,0.79,직접,,,
2026-10-07 18:57,119,6866,2026-10-07 19:00,축구,일본 FA컵,FC도쿄 vs 쇼난 벨마레,일반 정수핸디캡,H-1,승,2.43,36.8,0.895,직접,,,
2026-10-07 18:57,119,6866,2026-10-07 19:00,축구,일본 FA컵,FC도쿄 vs 쇼난 벨마레,일반 정수핸디캡,H-1,패,2.35,38.5,0.904,직접,,,
2026-10-07 18:57,119,6867,2026-10-07 19:00,축구,일본 FA컵,FC도쿄 vs 쇼난 벨마레,일반 언더오버,U/O 2.5,언더,1.75,50.9,0.891,직접,,,
2026-10-07 18:57,119,6867,2026-10-07 19:00,축구,일본 FA컵,FC도쿄 vs 쇼난 벨마레,일반 언더오버,U/O 2.5,오버,1.77,49.1,0.869,직접,,,
2026-10-07 18:57,119,6869,2026-10-07 19:00,농구,KBL,부산KCC 이지스 vs 대구한국가스공사 페가수스,일반 승패,일반,승,1.33,64.5,0.858,직접,,,
2026-10-07 18:57,119,6869,2026-10-07 19:00,농구,KBL,부산KCC 이지스 vs 대구한국가스공사 페가수스,일반 승패,일반,패,2.6,35.5,0.922,직접,,,
2026-10-07 18:57,119,6871,2026-10-07 19:00,농구,KBL,부산KCC 이지스 vs 대구한국가스공사 페가수스,일반 소수핸디캡,H-5.5,승,1.75,46.2,0.808,직접,,,
2026-10-07 18:57,119,6871,2026-10-07 19:00,농구,KBL,부산KCC 이지스 vs 대구한국가스공사 페가수스,일반 소수핸디캡,H-5.5,패,1.77,53.8,0.953,직접,,,
2026-10-07 18:57,119,6872,2026-10-07 19:00,농구,KBL,부산KCC 이지스 vs 대구한국가스공사 페가수스,일반 언더오버,U/O 173.5,언더,1.76,48.4,0.851,직접,,,
2026-10-07 18:57,119,6872,2026-10-07 19:00,농구,KBL,부산KCC 이지스 vs 대구한국가스공사 페가수스,일반 언더오버,U/O 173.5,오버,1.76,51.6,0.909,직접,,,
2026-10-07 22:57,119,6878,2026-10-08 05:00,야구,MLB,시카고 화이트삭스 vs 클리블랜드 가디언스,일반 승패,일반,승,1.64,52.7,0.864,직접,,,
2026-10-07 22:57,119,6878,2026-10-08 05:00,야구,MLB,시카고 화이트삭스 vs 클리블랜드 가디언스,일반 승패,일반,패,1.9,47.3,0.899,직접,,,
2026-10-07 22:57,119,6880,2026-10-08 05:00,야구,MLB,시카고 화이트삭스 vs 클리블랜드 가디언스,일반 소수핸디캡,H-2.5,승,3.09,23.7,0.734,직접,,,
2026-10-07 22:57,119,6880,2026-10-08 05:00,야구,MLB,시카고 화이트삭스 vs 클리블랜드 가디언스,일반 소수핸디캡,H-2.5,패,1.23,76.3,0.938,직접,,,
2026-10-07 22:57,119,6881,2026-10-08 05:00,야구,MLB,시카고 화이트삭스 vs 클리블랜드 가디언스,일반 언더오버,U/O 7.5,언더,1.9,47.3,0.899,직접,,,
2026-10-07 22:57,119,6881,2026-10-08 05:00,야구,MLB,시카고 화이트삭스 vs 클리블랜드 가디언스,일반 언더오버,U/O 7.5,오버,1.64,52.7,0.864,직접,,,
2026-10-07 22:57,119,6883,2026-10-08 07:00,야구,MLB,애틀랜타 브레이브스 vs LA 다저스,일반 승패,일반,승,1.97,42.0,0.826,직접,,,
2026-10-07 22:57,119,6883,2026-10-08 07:00,야구,MLB,애틀랜타 브레이브스 vs LA 다저스,일반 승패,일반,패,1.59,58.0,0.923,직접,,,
2026-10-07 22:57,119,6885,2026-10-08 07:00,야구,MLB,애틀랜타 브레이브스 vs LA 다저스,일반 소수핸디캡,H+2.5,승,1.32,67.7,0.893,직접,,,
2026-10-07 22:57,119,6885,2026-10-08 07:00,야구,MLB,애틀랜타 브레이브스 vs LA 다저스,일반 소수핸디캡,H+2.5,패,2.64,32.3,0.853,직접,,,
2026-10-07 22:57,119,6886,2026-10-08 07:00,야구,MLB,애틀랜타 브레이브스 vs LA 다저스,일반 언더오버,U/O 7.5,언더,1.67,50.5,0.843,직접,,,
2026-10-07 22:57,119,6886,2026-10-08 07:00,야구,MLB,애틀랜타 브레이브스 vs LA 다저스,일반 언더오버,U/O 7.5,오버,1.86,49.5,0.921,직접,,,
2026-10-08 07:55,119,6888,2026-10-08 09:00,야구,MLB,뉴욕 양키스 vs 탬파베이 레이스,일반 승패,일반,승,1.49,61.3,0.913,직접,,,
2026-10-08 07:55,119,6888,2026-10-08 09:00,야구,MLB,뉴욕 양키스 vs 탬파베이 레이스,일반 승패,일반,패,2.15,38.7,0.832,직접,,,
2026-10-08 07:55,119,6890,2026-10-08 09:00,야구,MLB,뉴욕 양키스 vs 탬파베이 레이스,일반 소수핸디캡,H-2.5,승,2.82,29.3,0.826,직접,,,
2026-10-08 07:55,119,6890,2026-10-08 09:00,야구,MLB,뉴욕 양키스 vs 탬파베이 레이스,일반 소수핸디캡,H-2.5,패,1.28,70.7,0.905,직접,,,
2026-10-08 07:55,119,6891,2026-10-08 09:00,야구,MLB,뉴욕 양키스 vs 탬파베이 레이스,일반 언더오버,U/O 7.5,언더,1.67,56.3,0.94,직접,,,
2026-10-08 07:55,119,6891,2026-10-08 09:00,야구,MLB,뉴욕 양키스 vs 탬파베이 레이스,일반 언더오버,U/O 7.5,오버,1.86,43.7,0.813,직접,,,
2026-10-08 07:55,119,6893,2026-10-08 11:00,야구,MLB,샌디에이고 파드리스 vs 밀워키 브루어스,일반 승패,일반,승,1.72,50.0,0.86,직접,,,
2026-10-08 07:55,119,6893,2026-10-08 11:00,야구,MLB,샌디에이고 파드리스 vs 밀워키 브루어스,일반 승패,일반,패,1.8,50.0,0.9,직접,,,
2026-10-08 07:55,119,6895,2026-10-08 11:00,야구,MLB,샌디에이고 파드리스 vs 밀워키 브루어스,일반 소수핸디캡,H-2.5,승,3.55,23.1,0.819,직접,,,
2026-10-08 07:55,119,6895,2026-10-08 11:00,야구,MLB,샌디에이고 파드리스 vs 밀워키 브루어스,일반 소수핸디캡,H-2.5,패,1.17,76.9,0.9,직접,,,
2026-10-08 07:55,119,6896,2026-10-08 11:00,야구,MLB,샌디에이고 파드리스 vs 밀워키 브루어스,일반 언더오버,U/O 7.5,언더,1.68,49.8,0.836,직접,,,
2026-10-08 07:55,119,6896,2026-10-08 11:00,야구,MLB,샌디에이고 파드리스 vs 밀워키 브루어스,일반 언더오버,U/O 7.5,오버,1.85,50.2,0.929,직접,,,
2026-10-08 18:28,119,6947,2026-10-08 19:00,농구,KBL,원주DB 프로미 vs 창원LG 세이커스,일반 승패,일반,승,1.47,62.8,0.923,직접,,,
2026-10-08 18:28,119,6947,2026-10-08 19:00,농구,KBL,원주DB 프로미 vs 창원LG 세이커스,일반 승패,일반,패,2.19,37.2,0.814,직접,,,
2026-10-08 18:28,119,6949,2026-10-08 19:00,농구,KBL,원주DB 프로미 vs 창원LG 세이커스,일반 소수핸디캡,H-3.5,승,1.74,53.1,0.924,직접,,,
2026-10-08 18:28,119,6949,2026-10-08 19:00,농구,KBL,원주DB 프로미 vs 창원LG 세이커스,일반 소수핸디캡,H-3.5,패,1.78,46.9,0.834,직접,,,
2026-10-08 18:28,119,6950,2026-10-08 19:00,농구,KBL,원주DB 프로미 vs 창원LG 세이커스,일반 언더오버,U/O 173.5,언더,1.82,46.2,0.841,직접,,,
2026-10-08 18:28,119,6950,2026-10-08 19:00,농구,KBL,원주DB 프로미 vs 창원LG 세이커스,일반 언더오버,U/O 173.5,오버,1.7,53.8,0.915,직접,,,
2026-10-08 18:28,119,6967,2026-10-09 09:00,야구,MLB,시카고 화이트삭스 vs 클리블랜드 가디언스,일반 승패,일반,승,1.82,47.9,0.871,직접,,,
2026-10-08 18:28,119,6967,2026-10-09 09:00,야구,MLB,시카고 화이트삭스 vs 클리블랜드 가디언스,일반 승패,일반,패,1.7,52.1,0.886,직접,,,
2026-10-08 18:28,119,6969,2026-10-09 09:00,야구,MLB,시카고 화이트삭스 vs 클리블랜드 가디언스,일반 소수핸디캡,H+2.5,승,1.26,72.6,0.915,직접,,,
2026-10-08 18:28,119,6969,2026-10-09 09:00,야구,MLB,시카고 화이트삭스 vs 클리블랜드 가디언스,일반 소수핸디캡,H+2.5,패,2.92,27.4,0.799,직접,,,
2026-10-08 18:28,119,6970,2026-10-09 09:00,야구,MLB,시카고 화이트삭스 vs 클리블랜드 가디언스,일반 언더오버,U/O 7.5,언더,1.64,52.4,0.86,직접,,,
2026-10-08 18:28,119,6970,2026-10-09 09:00,야구,MLB,시카고 화이트삭스 vs 클리블랜드 가디언스,일반 언더오버,U/O 7.5,오버,1.9,47.6,0.904,직접,,,
2026-10-08 18:28,119,6975,2026-10-09 14:00,축구,K리그1,대전 하나시티즌 vs 전북 현대모터스,승무패,일반,무,3.1,26.7,0.827,직접,,,
2026-10-08 18:28,119,6975,2026-10-09 14:00,축구,K리그1,대전 하나시티즌 vs 전북 현대모터스,승무패,일반,승,2.22,42.3,0.938,직접,,,
2026-10-08 18:28,119,6975,2026-10-09 14:00,축구,K리그1,대전 하나시티즌 vs 전북 현대모터스,승무패,일반,패,2.65,31.1,0.823,직접,,,
2026-10-08 18:28,119,6976,2026-10-09 14:00,축구,K리그1,대전 하나시티즌 vs 전북 현대모터스,일반 정수핸디캡,H-1,무,3.7,21.0,0.776,역산모델,,,
2026-10-08 18:28,119,6976,2026-10-09 14:00,축구,K리그1,대전 하나시티즌 vs 전북 현대모터스,일반 정수핸디캡,H-1,승,4.2,21.3,0.893,역산모델,,,
2026-10-08 18:28,119,6976,2026-10-09 14:00,축구,K리그1,대전 하나시티즌 vs 전북 현대모터스,일반 정수핸디캡,H-1,패,1.56,57.8,0.901,역산모델,,,
2026-10-08 18:28,119,6977,2026-10-09 14:00,축구,K리그1,대전 하나시티즌 vs 전북 현대모터스,일반 정수핸디캡,H-2,무,6.2,12.9,0.798,역산모델,,,
2026-10-08 18:28,119,6977,2026-10-09 14:00,축구,K리그1,대전 하나시티즌 vs 전북 현대모터스,일반 정수핸디캡,H-2,승,9.7,8.4,0.816,역산모델,,,
2026-10-08 18:28,119,6977,2026-10-09 14:00,축구,K리그1,대전 하나시티즌 vs 전북 현대모터스,일반 정수핸디캡,H-2,패,1.13,78.7,0.89,역산모델,,,
2026-10-08 18:28,119,6978,2026-10-09 14:00,축구,K리그1,대전 하나시티즌 vs 전북 현대모터스,일반 언더오버,U/O 2.5,언더,1.9,46.8,0.889,직접,,,
2026-10-08 18:28,119,6978,2026-10-09 14:00,축구,K리그1,대전 하나시티즌 vs 전북 현대모터스,일반 언더오버,U/O 2.5,오버,1.64,53.2,0.872,직접,,,
2026-10-08 18:28,119,6983,2026-10-09 14:00,축구,K리그2,수원FC vs 화성FC,승무패,일반,무,3.35,24.4,0.816,직접,,,
2026-10-08 18:28,119,6983,2026-10-09 14:00,축구,K리그2,수원FC vs 화성FC,승무패,일반,승,1.95,47.4,0.925,직접,,,
2026-10-08 18:28,119,6983,2026-10-09 14:00,축구,K리그2,수원FC vs 화성FC,승무패,일반,패,2.95,28.2,0.832,직접,,,
2026-10-08 18:28,119,6984,2026-10-09 14:00,축구,K리그2,수원FC vs 화성FC,일반 정수핸디캡,H-1,무,3.45,22.9,0.789,직접,,,
2026-10-08 18:28,119,6984,2026-10-09 14:00,축구,K리그2,수원FC vs 화성FC,일반 정수핸디캡,H-1,승,3.7,24.2,0.895,직접,,,
2026-10-08 18:28,119,6984,2026-10-09 14:00,축구,K리그2,수원FC vs 화성FC,일반 정수핸디캡,H-1,패,1.7,52.9,0.9,직접,,,
2026-10-08 18:28,119,6985,2026-10-09 14:00,축구,K리그2,수원FC vs 화성FC,일반 언더오버,U/O 2.5,언더,2.05,43.1,0.883,직접,,,
2026-10-08 18:28,119,6985,2026-10-09 14:00,축구,K리그2,수원FC vs 화성FC,일반 언더오버,U/O 2.5,오버,1.54,56.9,0.877,직접,,,
2026-10-08 18:28,119,6995,2026-10-09 14:00,야구,KBO,롯데 자이언츠 vs LG 트윈스,일반 승패,일반,승,2.82,32.5,0.916,직접,,,
2026-10-08 18:28,119,6995,2026-10-09 14:00,야구,KBO,롯데 자이언츠 vs LG 트윈스,일반 승패,일반,패,1.28,67.5,0.864,직접,,,
2026-10-08 18:28,119,6997,2026-10-09 14:00,야구,KBO,롯데 자이언츠 vs LG 트윈스,일반 소수핸디캡,H+2.5,승,1.67,50.7,0.846,직접,,,
2026-10-08 18:28,119,6997,2026-10-09 14:00,야구,KBO,롯데 자이언츠 vs LG 트윈스,일반 소수핸디캡,H+2.5,패,1.86,49.3,0.917,직접,,,
2026-10-08 18:28,119,6998,2026-10-09 14:00,야구,KBO,롯데 자이언츠 vs LG 트윈스,일반 언더오버,U/O 9.5,언더,1.74,44.0,0.766,직접,,,
2026-10-08 18:28,119,6998,2026-10-09 14:00,야구,KBO,롯데 자이언츠 vs LG 트윈스,일반 언더오버,U/O 9.5,오버,1.78,56.0,0.997,직접,,,
2026-10-08 18:28,119,7003,2026-10-09 14:00,야구,KBO,SSG 랜더스 vs 삼성 라이온즈,일반 승패,일반,승,1.86,42.7,0.794,직접,,,
2026-10-08 18:28,119,7003,2026-10-09 14:00,야구,KBO,SSG 랜더스 vs 삼성 라이온즈,일반 승패,일반,패,1.67,57.3,0.957,직접,,,
2026-10-08 18:28,119,7005,2026-10-09 14:00,야구,KBO,SSG 랜더스 vs 삼성 라이온즈,일반 소수핸디캡,H+2.5,승,1.31,62.1,0.813,직접,,,
2026-10-08 18:28,119,7005,2026-10-09 14:00,야구,KBO,SSG 랜더스 vs 삼성 라이온즈,일반 소수핸디캡,H+2.5,패,2.68,37.9,1.017,직접,,,
2026-10-08 18:28,119,7006,2026-10-09 14:00,야구,KBO,SSG 랜더스 vs 삼성 라이온즈,일반 언더오버,U/O 10.5,언더,1.79,50.2,0.899,직접,,,
2026-10-08 18:28,119,7006,2026-10-09 14:00,야구,KBO,SSG 랜더스 vs 삼성 라이온즈,일반 언더오버,U/O 10.5,오버,1.73,49.8,0.861,직접,,,
2026-10-08 18:28,119,7011,2026-10-09 14:00,야구,KBO,NC 다이노스 vs KIA 타이거즈,일반 승패,일반,승,2.13,44.4,0.945,직접,,,
2026-10-08 18:28,119,7011,2026-10-09 14:00,야구,KBO,NC 다이노스 vs KIA 타이거즈,일반 승패,일반,패,1.5,55.6,0.834,직접,,,
2026-10-08 18:28,119,7013,2026-10-09 14:00,야구,KBO,NC 다이노스 vs KIA 타이거즈,일반 소수핸디캡,H+2.5,승,1.4,65.6,0.919,직접,,,
2026-10-08 18:28,119,7013,2026-10-09 14:00,야구,KBO,NC 다이노스 vs KIA 타이거즈,일반 소수핸디캡,H+2.5,패,2.37,34.4,0.814,직접,,,
2026-10-08 18:28,119,7014,2026-10-09 14:00,야구,KBO,NC 다이노스 vs KIA 타이거즈,일반 언더오버,U/O 9.5,언더,1.73,53.4,0.923,직접,,,
2026-10-08 18:28,119,7014,2026-10-09 14:00,야구,KBO,NC 다이노스 vs KIA 타이거즈,일반 언더오버,U/O 9.5,오버,1.79,46.6,0.835,직접,,,
2026-10-08 18:28,119,7028,2026-10-09 16:30,축구,K리그1,강원FC vs 부천FC 1995,승무패,일반,무,3.1,26.2,0.813,직접,,,
2026-10-08 18:28,119,7028,2026-10-09 16:30,축구,K리그1,강원FC vs 부천FC 1995,승무패,일반,승,1.71,54.2,0.926,직접,,,
2026-10-08 18:28,119,7028,2026-10-09 16:30,축구,K리그1,강원FC vs 부천FC 1995,승무패,일반,패,4.15,19.6,0.813,직접,,,
2026-10-08 18:28,119,7029,2026-10-09 16:30,축구,K리그1,강원FC vs 부천FC 1995,일반 정수핸디캡,H-1,무,3.15,25.9,0.816,직접,,,
2026-10-08 18:28,119,7029,2026-10-09 16:30,축구,K리그1,강원FC vs 부천FC 1995,일반 정수핸디캡,H-1,승,3.25,28.2,0.915,직접,,,
2026-10-08 18:28,119,7029,2026-10-09 16:30,축구,K리그1,강원FC vs 부천FC 1995,일반 정수핸디캡,H-1,패,1.91,45.9,0.877,직접,,,
2026-10-08 18:28,119,7030,2026-10-09 16:30,축구,K리그1,강원FC vs 부천FC 1995,일반 정수핸디캡,H-2,무,4.9,16.9,0.83,역산모델,,,
2026-10-08 18:28,119,7030,2026-10-09 16:30,축구,K리그1,강원FC vs 부천FC 1995,일반 정수핸디캡,H-2,승,7.2,12.3,0.888,역산모델,,,
2026-10-08 18:28,119,7030,2026-10-09 16:30,축구,K리그1,강원FC vs 부천FC 1995,일반 정수핸디캡,H-2,패,1.24,70.7,0.877,역산모델,,,
2026-10-08 18:28,119,7031,2026-10-09 16:30,축구,K리그1,강원FC vs 부천FC 1995,일반 언더오버,U/O 2.5,언더,1.58,56.4,0.892,직접,,,
2026-10-08 18:28,119,7031,2026-10-09 16:30,축구,K리그1,강원FC vs 부천FC 1995,일반 언더오버,U/O 2.5,오버,1.99,43.6,0.867,직접,,,
2026-10-08 18:28,119,7036,2026-10-09 16:30,축구,K리그1,인천 유나이티드 vs 포항 스틸러스,승무패,일반,무,2.8,30.2,0.845,직접,,,
2026-10-08 18:28,119,7036,2026-10-09 16:30,축구,K리그1,인천 유나이티드 vs 포항 스틸러스,승무패,일반,승,2.15,41.4,0.89,직접,,,
2026-10-08 18:28,119,7036,2026-10-09 16:30,축구,K리그1,인천 유나이티드 vs 포항 스틸러스,승무패,일반,패,3.05,28.4,0.867,직접,,,
2026-10-08 18:28,119,7037,2026-10-09 16:30,축구,K리그1,인천 유나이티드 vs 포항 스틸러스,일반 정수핸디캡,H-1,무,3.4,22.8,0.775,역산모델,,,
2026-10-08 18:28,119,7037,2026-10-09 16:30,축구,K리그1,인천 유나이티드 vs 포항 스틸러스,일반 정수핸디캡,H-1,승,4.65,18.6,0.865,역산모델,,,
2026-10-08 18:28,119,7037,2026-10-09 16:30,축구,K리그1,인천 유나이티드 vs 포항 스틸러스,일반 정수핸디캡,H-1,패,1.56,58.6,0.914,역산모델,,,
2026-10-08 18:28,119,7038,2026-10-09 16:30,축구,K리그1,인천 유나이티드 vs 포항 스틸러스,일반 정수핸디캡,H-2,무,6.6,12.3,0.81,역산모델,,,
2026-10-08 18:28,119,7038,2026-10-09 16:30,축구,K리그1,인천 유나이티드 vs 포항 스틸러스,일반 정수핸디캡,H-2,승,12.5,6.3,0.791,역산모델,,,
2026-10-08 18:28,119,7038,2026-10-09 16:30,축구,K리그1,인천 유나이티드 vs 포항 스틸러스,일반 정수핸디캡,H-2,패,1.09,81.4,0.887,역산모델,,,
2026-10-08 18:28,119,7039,2026-10-09 16:30,축구,K리그1,인천 유나이티드 vs 포항 스틸러스,일반 언더오버,U/O 2.5,언더,1.43,62.5,0.894,직접,,,
2026-10-08 18:28,119,7039,2026-10-09 16:30,축구,K리그1,인천 유나이티드 vs 포항 스틸러스,일반 언더오버,U/O 2.5,오버,2.29,37.5,0.859,직접,,,
2026-10-08 18:28,119,7044,2026-10-09 16:30,축구,K리그2,충북청주 프로축구단 vs 성남FC,승무패,일반,무,2.9,28.8,0.837,직접,,,
2026-10-08 18:28,119,7044,2026-10-09 16:30,축구,K리그2,충북청주 프로축구단 vs 성남FC,승무패,일반,승,2.6,34.8,0.905,직접,,,
2026-10-08 18:28,119,7044,2026-10-09 16:30,축구,K리그2,충북청주 프로축구단 vs 성남FC,승무패,일반,패,2.38,36.3,0.865,직접,,,
2026-10-08 18:28,119,7045,2026-10-09 16:30,축구,K리그2,충북청주 프로축구단 vs 성남FC,일반 정수핸디캡,H+1,무,3.75,20.2,0.757,역산모델,,,
2026-10-08 18:28,119,7045,2026-10-09 16:30,축구,K리그2,충북청주 프로축구단 vs 성남FC,일반 정수핸디캡,H+1,승,1.46,63.2,0.922,역산모델,,,
2026-10-08 18:28,119,7045,2026-10-09 16:30,축구,K리그2,충북청주 프로축구단 vs 성남FC,일반 정수핸디캡,H+1,패,5.1,16.6,0.849,역산모델,,,
2026-10-08 18:28,119,7046,2026-10-09 16:30,축구,K리그2,충북청주 프로축구단 vs 성남FC,일반 언더오버,U/O 2.5,언더,1.66,53.6,0.889,직접,,,
2026-10-08 18:28,119,7046,2026-10-09 16:30,축구,K리그2,충북청주 프로축구단 vs 성남FC,일반 언더오버,U/O 2.5,오버,1.87,46.4,0.868,직접,,,
2026-10-08 18:28,119,7048,2026-10-09 16:30,축구,K리그2,김포FC vs 서울 이랜드,승무패,일반,무,3.25,25.3,0.823,직접,,,
2026-10-08 18:28,119,7048,2026-10-09 16:30,축구,K리그2,김포FC vs 서울 이랜드,승무패,일반,승,2.8,31.2,0.874,직접,,,
2026-10-08 18:28,119,7048,2026-10-09 16:30,축구,K리그2,김포FC vs 서울 이랜드,승무패,일반,패,2.06,43.5,0.896,직접,,,
2026-10-08 18:28,119,7049,2026-10-09 16:30,축구,K리그2,김포FC vs 서울 이랜드,일반 정수핸디캡,H+1,무,3.65,20.9,0.764,역산모델,,,
2026-10-08 18:28,119,7049,2026-10-09 16:30,축구,K리그2,김포FC vs 서울 이랜드,일반 정수핸디캡,H+1,승,1.6,57.3,0.916,역산모델,,,
2026-10-08 18:28,119,7049,2026-10-09 16:30,축구,K리그2,김포FC vs 서울 이랜드,일반 정수핸디캡,H+1,패,4.0,21.8,0.873,역산모델,,,
2026-10-08 18:28,119,7050,2026-10-09 16:30,축구,K리그2,김포FC vs 서울 이랜드,일반 언더오버,U/O 2.5,언더,1.93,45.7,0.882,직접,,,
2026-10-08 18:28,119,7050,2026-10-09 16:30,축구,K리그2,김포FC vs 서울 이랜드,일반 언더오버,U/O 2.5,오버,1.62,54.3,0.88,직접,,,
2026-10-08 18:28,119,7057,2026-10-09 19:00,축구,일본 J1리그,가시마 앤틀러스 vs 감바 오사카,승무패,일반,무,3.5,23.8,0.834,직접,,,
2026-10-08 18:28,119,7057,2026-10-09 19:00,축구,일본 J1리그,가시마 앤틀러스 vs 감바 오사카,승무패,일반,승,1.73,54.1,0.935,직접,,,
2026-10-08 18:28,119,7057,2026-10-09 19:00,축구,일본 J1리그,가시마 앤틀러스 vs 감바 오사카,승무패,일반,패,3.5,22.1,0.774,직접,,,
2026-10-08 18:28,119,7058,2026-10-09 19:00,축구,일본 J1리그,가시마 앤틀러스 vs 감바 오사카,일반 정수핸디캡,H-1,무,3.55,22.9,0.813,직접,,,
2026-10-08 18:28,119,7058,2026-10-09 19:00,축구,일본 J1리그,가시마 앤틀러스 vs 감바 오사카,일반 정수핸디캡,H-1,승,3.0,30.9,0.928,직접,,,
2026-10-08 18:28,119,7058,2026-10-09 19:00,축구,일본 J1리그,가시마 앤틀러스 vs 감바 오사카,일반 정수핸디캡,H-1,패,1.87,46.2,0.863,직접,,,
2026-10-08 18:28,119,7059,2026-10-09 19:00,축구,일본 J1리그,가시마 앤틀러스 vs 감바 오사카,일반 언더오버,U/O 2.5,언더,2.19,39.6,0.867,직접,,,
2026-10-08 18:28,119,7059,2026-10-09 19:00,축구,일본 J1리그,가시마 앤틀러스 vs 감바 오사카,일반 언더오버,U/O 2.5,오버,1.47,60.4,0.888,직접,,,
2026-10-08 18:28,119,7061,2026-10-09 19:00,축구,일본 J1리그,가시와 레이솔 vs 비셀 고베,승무패,일반,무,3.2,27.2,0.871,직접,,,
2026-10-08 18:28,119,7061,2026-10-09 19:00,축구,일본 J1리그,가시와 레이솔 vs 비셀 고베,승무패,일반,승,1.99,43.8,0.872,직접,,,
2026-10-08 18:28,119,7061,2026-10-09 19:00,축구,일본 J1리그,가시와 레이솔 vs 비셀 고베,승무패,일반,패,3.0,28.9,0.868,직접,,,
2026-10-08 18:28,119,7062,2026-10-09 19:00,축구,일본 J1리그,가시와 레이솔 vs 비셀 고베,일반 정수핸디캡,H-1,무,3.55,21.6,0.767,역산모델,,,
2026-10-08 18:28,119,7062,2026-10-09 19:00,축구,일본 J1리그,가시와 레이솔 vs 비셀 고베,일반 정수핸디캡,H-1,승,3.9,22.2,0.865,역산모델,,,
2026-10-08 18:28,119,7062,2026-10-09 19:00,축구,일본 J1리그,가시와 레이솔 vs 비셀 고베,일반 정수핸디캡,H-1,패,1.64,56.2,0.922,역산모델,,,
2026-10-08 18:28,119,7063,2026-10-09 19:00,축구,일본 J1리그,가시와 레이솔 vs 비셀 고베,일반 언더오버,U/O 2.5,언더,1.81,48.6,0.88,직접,,,
2026-10-08 18:28,119,7063,2026-10-09 19:00,축구,일본 J1리그,가시와 레이솔 vs 비셀 고베,일반 언더오버,U/O 2.5,오버,1.71,51.4,0.879,직접,,,
