회차,블록,첫마감,끝마감,분석시각,경기수,종목,상태,메모
120,10/10 14:00,2026-10-10 14:00,2026-10-10 15:00,2026-10-10 12:50,15,야구3 축구10 농구2,분석완료,"Ⓐ Ⓑ 추천, 13:24 최종점검 예약"
120,10/10 16:00,2026-10-10 16:00,2026-10-10 17:00,2026-10-10 14:50,8,축구4 농구2 야구2,분석완료,"추천 없음(60%+ 1.3+ 다리 1개), 분석 15:44 시작(예약 지연)"
120,10/10 17:35,2026-10-10 17:35,2026-10-10 19:00,2026-10-10 16:25,3,축구3,분석완료,"추천 없음(60%+ 다리 0개: 사우스멜버른 오버 59.7, 마치다 승 51.7)"
120,10/10 20:30,2026-10-10 20:30,2026-10-10 21:00,2026-10-10 19:20,7,축구7,대기,예약됨
120,10/10 22:00,2026-10-10 22:00,2026-10-10 23:00,2026-10-10 20:50,35,축구35,대기,예약됨
120,10/11 08:30,2026-10-11 08:30,2026-10-11 09:30,2026-10-11 07:20,11,축구10 야구1,대기,
120,10/11 10:30,2026-10-11 10:30,2026-10-11 11:30,2026-10-11 09:20,2,축구2,대기,
120,10/11 13:05,2026-10-11 13:05,2026-10-11 14:00,2026-10-11 11:55,10,축구5 배구1 야구2 농구2,대기,
120,10/11 15:00,2026-10-11 15:00,2026-10-11 16:30,2026-10-11 13:50,6,축구4 농구1 배구1,대기,
120,10/11 18:00,2026-10-11 18:00,2026-10-11 19:00,2026-10-11 16:50,2,축구2,대기,
120,10/11 19:15,2026-10-11 19:15,2026-10-11 20:00,2026-10-11 18:05,3,축구3,대기,
120,10/11 20:35,2026-10-11 20:35,2026-10-11 21:30,2026-10-11 19:25,5,축구5,대기,
120,10/11 22:00,2026-10-11 22:00,2026-10-11 23:00,2026-10-11 20:50,23,축구18 야구3 농구1 배구1,대기,
