date,round,game_no,sport,league,home,away,p_win,p_draw,p_lose,m_win,m_draw,m_lose,pick,result,hit,note
2026-09-30,프로토116,두산-NC,야구,KBO,두산,NC,51.5,0,48.5,50.4,0,49.6,두산,,,"순수 62/38; 확신도 중간; 베트맨 1.73/1.79; NC 불펜 전날 7이닝 소화로 고갈, 두산 상대전적 10승4패, 승리 시 PS 확정. 단 NC 톰슨은 올해 "
2026-09-30,프로토116,삼성-한화,야구,KBO,삼성,한화,62.8,0,37.2,61.7,0,38.3,삼성,,,순수 72/28; 확신도 높음; 베트맨 1.41/2.34; 후라도 한화전 통산 2승 ERA 0.64 vs 화이트 직전 9/25 1이닝 7실점. 한화 필승조 붕괴(정우주
2026-09-30,프로토116,롯데-키움,야구,KBO,롯데,키움,68.2,0,31.8,68.9,0,31.1,롯데,,,"순수 62/38; 확신도 중간; 베트맨 1.3/2.72; 로드리게스 vs 불펜 출신 임시선발 김성진(ERA 5.74, 선발 0경기). 롯데 트래직넘버 1로 필사적, "
2026-09-30,프로토116,SSG-LG,야구,KBO,SSG,LG,43.6,0,56.4,43.1,0,56.9,LG,,,순수 48/52; 확신도 낮음~중간; 베트맨 1.96/1.6; SSG 불펜 완전 휴식(아빌라 완투) vs LG 전날 불펜 3명 소모+긴급 보강. 김건우 후반기 ERA 3.
2026-09-30,프로토116,KIA-KT,야구,KBO,KIA,KT,37.3,0,62.7,36.8,0,63.2,KT,,,"순수 42/58; 확신도 중간; 베트맨 2.29/1.43; 대니엘 합류 후 ERA 2.05, 9/24 7이닝 무실점 10K vs 김태형 2주 만의 대체 선발(9/15 "
2026-09-29,승무패56,아르메니아 vs 몬테네그로,축구,A매치,아르메니아,몬테네그로,,,,,,,패,패,1,사전 확률 기록 없음(사진으로 회고)
2026-09-29,승무패56,라트비아 vs 키프로스,축구,A매치,라트비아,키프로스,,,,,,,승/패,무,0,사전 확률 기록 없음(사진으로 회고)
2026-09-29,승무패56,조지아 vs 우크라이나,축구,A매치,조지아,우크라이나,,,,,,,패,무,0,사전 확률 기록 없음(사진으로 회고)
2026-09-29,승무패56,루마니아 vs 보스니아,축구,A매치,루마니아,보스니아,,,,,,,승,패,0,사전 확률 기록 없음(사진으로 회고)
2026-09-29,승무패56,스웨덴 vs 폴란드,축구,A매치,스웨덴,폴란드,,,,,,,승,승,1,사전 확률 기록 없음(사진으로 회고)
2026-09-29,승무패56,북아일랜드 vs 헝가리,축구,A매치,북아일랜드,헝가리,,,,,,,승/패,무,0,사전 확률 기록 없음(사진으로 회고)
2026-09-29,승무패56,벨기에 vs 프랑스,축구,A매치,벨기에,프랑스,,,,,,,패,패,1,사전 확률 기록 없음(사진으로 회고)
2026-09-29,승무패56,튀르키예 vs 이탈리아,축구,A매치,튀르키예,이탈리아,,,,,,,승/패,패,1,사전 확률 기록 없음(사진으로 회고)
2026-09-29,승무패56,핀란드 vs 벨라루스,축구,A매치,핀란드,벨라루스,,,,,,,승,무,0,사전 확률 기록 없음(사진으로 회고)
2026-09-29,승무패56,몰도바 vs 페로제도,축구,A매치,몰도바,페로제도,,,,,,,패,무,0,사전 확률 기록 없음(사진으로 회고)
2026-09-29,승무패56,슬로베니아 vs 북마케도니아,축구,A매치,슬로베니아,북마케도니아,,,,,,,승,승,1,사전 확률 기록 없음(사진으로 회고)
2026-09-29,승무패56,불가리아 vs 에스토니아,축구,A매치,불가리아,에스토니아,,,,,,,승,무,0,사전 확률 기록 없음(사진으로 회고)
2026-09-29,승무패56,룩셈부르크 vs 아이슬란드,축구,A매치,룩셈부르크,아이슬란드,,,,,,,승/패,패,1,사전 확률 기록 없음(사진으로 회고)
2026-09-29,승무패56,스코틀랜드 vs 스위스,축구,A매치,스코틀랜드,스위스,,,,,,,패,패,1,사전 확률 기록 없음(사진으로 회고)
2026-10-03,승무패57,키프로스-아르메니아,축구,UEFA NL,키프로스,아르메니아,41.4,28.8,29.8,42.1,28.4,29.5,승/무/패,,,순수 35/32/33; 확신도 낮음~중간; 시장출처 시장; 투표 24/40/36
2026-10-03,승무패57,우크라이나-북아일랜드,축구,UEFA NL,우크라이나,북아일랜드,50.4,28.4,21.3,51.0,28.2,20.8,승,,,순수 45/30/25; 확신도 중간; 시장출처 시장; 투표 60/28/12
2026-10-03,승무패57,프랑스-이탈리아,축구,UEFA NL,프랑스,이탈리아,65.8,19.1,15.0,67.8,18.3,13.8,승,,,순수 48/26/26; 확신도 중간; 시장출처 시장; 투표 72/17/10
2026-10-03,승무패57,벨기에-튀르키예,축구,UEFA NL,벨기에,튀르키예,64.0,19.7,16.3,65.0,19.2,15.7,승,,,순수 55/24/21; 확신도 중간; 시장출처 시장; 투표 82/12/7
2026-10-03,승무패57,헝가리-조지아,축구,UEFA NL,헝가리,조지아,46.2,28.2,25.6,47.1,27.5,25.3,승,,,순수 38/34/28; 확신도 중간; 시장출처 시장; 투표 46/38/16
2026-10-03,승무패57,폴란드-루마니아,축구,UEFA NL,폴란드,루마니아,60.7,22.9,16.4,61.9,22.3,15.8,승,,,순수 50/28/22; 확신도 중간; 시장출처 시장; 투표 74/18/9
2026-10-03,승무패57,보스니아-스웨덴,축구,UEFA NL,보스니아,스웨덴,29.4,26.6,44.0,29.0,26.2,44.8,승/무/패,,,순수 33/30/37; 확신도 중간; 시장출처 시장; 투표 10/23/67
2026-10-03,승무패57,핀란드-알바니아,축구,UEFA NL,핀란드,알바니아,37.6,27.5,34.9,,,,승/무/패,,,순수 40/27/33; 확신도 중간; 시장출처 Elo추정; 투표 41/35/25
2026-10-03,승무패57,크로아티아-잉글랜드,축구,UEFA NL,크로아티아,잉글랜드,24.8,26.3,48.9,24.5,26.0,49.6,패,,,순수 28/29/43; 확신도 중간; 시장출처 시장; 투표 9/17/74
2026-10-03,승무패57,아이슬란드-불가리아,축구,UEFA NL,아이슬란드,불가리아,60.0,22.8,17.3,,,,승,,,순수 58/24/18; 확신도 중간; 시장출처 Elo추정; 투표 68/22/10
2026-10-03,승무패57,에스토니아-룩셈부르크,축구,UEFA NL,에스토니아,룩셈부르크,37.2,29.4,33.4,,,,승/무/패,,,순수 33/32/35; 확신도 낮음; 시장출처 Elo추정; 투표 21/42/37
2026-10-03,승무패57,스페인-체코,축구,UEFA NL,스페인,체코,84.5,11.2,4.2,85.9,10.5,3.6,승,,,순수 72/18/10; 확신도 높음; 시장출처 시장; 투표 93/4/3
2026-10-03,승무패57,스위스-슬로베니아,축구,UEFA NL,스위스,슬로베니아,64.3,21.5,14.3,,,,승,,,순수 55/27/18; 확신도 중간; 시장출처 Elo추정; 투표 86/10/4
2026-10-03,승무패57,북마케도니아-스코틀랜드,축구,UEFA NL,북마케도니아,스코틀랜드,19.4,25.5,55.1,,,,패,,,순수 22/30/48; 확신도 중간; 시장출처 Elo추정; 투표 11/27/62
