회차,번호,시각,종목,리그,홈,원정,순수_승,순수_무,순수_패,확신도,핵심근거,뉴스위험,제외,시장_승,시장_무,시장_패,베트맨_승,베트맨_무,베트맨_패,시장시각,보정_승,보정_무,보정_패,보정메모,추천,구매,결과,점수,순수적중,시장적중,보정적중,비고
118,6373,10-05 09:00,야구,MLB,LA 다저스,애틀랜타 브레이브스,,,,,,,,,,,,,,,,,,,,,패,2:3,,,,
118,6423,10-05 09:00,축구,CONCACAF 네이션스리그,코스타리카,아이티,,,,,,,,,,,,,,,,,,,,,승,2:0,,,,
118,6429,10-05 11:00,축구,CONCACAF 네이션스리그,니카라과,도미니카공화국,,,,,,,,,,,,,,,,,,,,,패,1:2,,,,
118,6433,10-05 14:00,야구,KBO,LG 트윈스,KIA 타이거즈,,,,,,,,,,,,,,,,,,,,,패,4:6,,,,
118,6441,10-05 14:00,야구,KBO,삼성 라이온즈,두산 베어스,,,,,,,,,,,,,,,,,,,,,패,5:7,,,,
118,6449,10-05 14:00,야구,KBO,KT 위즈,롯데 자이언츠,,,,,,,,,,,,,,,,,,,,,승,9:0,,,,
118,6457,10-05 14:00,야구,KBO,NC 다이노스,SSG 랜더스,,,,,,,,,,,,,,,,,,,,,패,0:9,,,,
118,6465,10-05 14:00,야구,KBO,한화 이글스,키움 히어로즈,,,,,,,,,,,,,,,,,,,,,승,13:6,,,,
118,6473,10-05 14:00,농구,KBL,울산현대모비스 피버스,부산KCC 이지스,,,,,,,,,,,,,,,,,,,,,패,87:97,,,,
118,6478,10-05 14:00,농구,박신자컵,후지쯔 레드웨이브,삼성생명 블루밍스,,,,,,,,,,,,,,,,,,,,,승,89:66,,,,
118,6482,10-05 15:30,축구,남자축구 국제친선경기,에콰도르,파나마,,,,,,,,,,,,,,,,,,,,,무,1:1,,,,
118,6486,10-05 16:30,농구,KBL,대구한국가스공사 페가수스,안양정관장 레드부스터스,,,,,,,,,,,,,,,,,,,,,패,80:86,,,,
118,6491,10-05 18:00,축구,FIFA 아세안컵,말레이시아,베트남,,,,,,,,,,,,,,,,,,,,,승,1:0,,,,
118,6495,10-05 18:00,야구,NPB,라쿠텐 골든이글스,소프트뱅크 호크스,,,,,,,,,,,,,,,,,,,,,승,3:1,,,,
118,6500,10-05 18:00,야구,NPB,지바롯데 마린스,세이부 라이온즈,,,,,,,,46.6,0,53.4,1.93,,1.62,2026-10-06 17:07 (스캔기록),,,,,,,패,0:3,,,,
118,6510,10-05 19:30,축구,남자축구 국제친선경기,일본,뉴질랜드,,,,,,,,,,,,,,,,,,,,,승,2:1,,,,
118,6514,10-05 22:00,축구,FIFA 아세안컵,인도네시아,태국,,,,,,,,,,,,,,,,,,,,,무,1:1,,,,
118,6556,10-06 01:00,축구,UEFA 네이션스리그,키프로스,라트비아,,,,,,,,,,,,,,,,,,,,,승,2:1,,,,
118,6560,10-06 03:45,축구,UEFA 네이션스리그,우크라이나,헝가리,,,,,,,,,,,,,,,,,,,,,패,1:2,,,,
118,6564,10-06 03:45,축구,UEFA 네이션스리그,루마니아,스웨덴,,,,,,,,,,,,,,,,,,,,,패,0:1,,,,
118,6568,10-06 03:45,축구,UEFA 네이션스리그,북아일랜드,조지아,,,,,,,,,,,,,,,,,,,,,무,0:0,,,,
118,6572,10-06 03:45,축구,UEFA 네이션스리그,몬테네그로,아르메니아,,,,,,,,,,,,,,,,,,,,,무,0:0,,,,
118,6576,10-06 03:45,축구,UEFA 네이션스리그,프랑스,벨기에,,,,,,,,,,,,,,,,,,,,,승,4:1,,,,
118,6580,10-06 03:45,축구,UEFA 네이션스리그,이탈리아,튀르키예,,,,,,,,,,,,,,,,,,,,,승,3:1,,,,
118,6584,10-06 03:45,축구,UEFA 네이션스리그,보스니아 헤르체고비나,폴란드,,,,,,,,,,,,,,,,,,,,,승,1:0,,,,
118,6588,10-06 03:45,축구,남자축구 국제친선경기,리히텐슈타인,지브롤터,,,,,,,,,,,,,,,,,,,,,패,0:2,,,,
118,6543,10-06 06:00,야구,MLB,클리블랜드 가디언스,시카고 화이트삭스,,,,,,,,,,,,,,,,,,,,,패,3:4,,,,
118,6592,10-06 07:00,축구,CONCACAF 네이션스리그,마르티니크,엘살바도르,,,,,,,,,,,,,,,,,,,,,무,1:1,,,,
118,6548,10-06 09:00,야구,MLB,탬파베이 레이스,뉴욕 양키스,,,,,,,,,,,,,,,,,,,,,승,5:2,,,,
118,6596,10-06 09:00,축구,CONCACAF 네이션스리그,과테말라,수리남,,,,,,,,,,,,,,,,,,,,,승,1:0,,,,
118,6600,10-06 11:00,축구,CONCACAF 네이션스리그,온두라스,자메이카,,,,,,,,,,,,,,,,,,,,,무,1:1,,,,
118,6604,10-06 16:30,농구,박신자컵,KB 스타즈,삼성생명 블루밍스,,,,,,,,87.5,0,12.5,1.08,,4.75,2026-10-06 16:05 (스캔기록),,,,,,,승,64:57,,,,
118,6613,10-06 18:00,야구,NPB,한신 타이거즈,히로시마 도요카프,,,,,,,,,,,,,,,,,,,,,적특,,,,,
118,6618,10-06 18:00,야구,NPB,지바롯데 마린스,세이부 라이온즈,,,,,,,,46.6,0,53.4,1.93,,1.62,2026-10-06 17:07 (스캔기록),,,,,,,패,0:3,,,,
118,6623,10-06 18:30,야구,KBO,LG 트윈스,NC 다이노스,,,,,,,,61.1,0,38.9,1.47,,2.19,2026-10-06 17:07 (스캔기록),,,,,,,승,6:1,,,,
118,6631,10-06 18:30,야구,KBO,롯데 자이언츠,두산 베어스,,,,,,,,34.6,0,65.4,2.43,,1.38,2026-10-06 17:07 (스캔기록),,,,,,,패,1:3,,,,
118,6639,10-06 18:30,야구,KBO,KIA 타이거즈,삼성 라이온즈,,,,,,,,,,,,,,,,,,,,,패,4:5,,,,
118,6647,10-06 18:30,야구,KBO,한화 이글스,SSG 랜더스,,,,,,,,63.3,0,36.7,1.45,,2.24,2026-10-06 17:07 (스캔기록),,,,,,,승,9:2,,,,
118,6655,10-06 18:30,야구,KBO,키움 히어로즈,KT 위즈,,,,,,,,27.9,0,72.1,2.82,,1.28,2026-10-06 17:07 (스캔기록),,,,,,,패,1:10,,,,
118,6663,10-06 19:00,농구,KBL,수원KT 소닉붐,창원LG 세이커스,,,,,,,,,,,,,,,,,,,,,승,97:72,,,,
118,6668,10-06 19:00,농구,박신자컵,신한은행 에스버드,하나은행,,,,,,,,,,,,,,,,,,,,,승,77:62,,,,
118,6672,10-06 20:00,축구,남자축구 국제친선경기,한국,우즈베키스탄,,,,,,,,58.8,22.0,19.2,1.6,3.5,4.2,2026-10-06 17:07 (스캔기록),,,,,,,승,2:0,,,,
118,6677,10-06 20:35,축구,남자축구 국제친선경기,중국,타지키스탄,,,,,,,,47.6,28.1,24.3,1.74,3.25,3.75,2026-10-06 20:20 (스캔기록),,,,,,,패,0:1,,,,
118,6681,10-06 23:00,축구,UEFA 네이션스리그,카자흐스탄,페로제도,,,,,,,,39.1,32.5,28.3,2.3,2.7,2.9,2026-10-06 22:51 (스캔기록),,,,,,,무,2:2,,,,
118,6685,10-06 23:00,축구,남자축구 국제친선경기,인도,우루과이,,,,,,,,1.3,2.6,96.2,1.0,1.0,1.0,2026-10-06 22:51 (스캔기록),,,,,,,적특,,,,,
118,6718,10-07 02:00,축구,남자축구 국제친선경기,요르단,베네수엘라,,,,,,,,,,,,,,,,,,,,,무,0:0,,,,
118,6714,10-07 03:00,축구,아라비안 걸프컵,사우디아라비아,아랍에미리트,,,,,,,,37.6,34.5,27.8,2.22,2.65,3.1,2026-10-06 22:51 (스캔기록),,,,,,,승,2:0,,,,
118,6722,10-07 03:45,축구,UEFA 네이션스리그,스위스,북마케도니아,,,,,,,,91.6,6.5,1.9,1.03,7.5,22.0,2026-10-06 22:51 (스캔기록),,,,,,,승,3:0,,,,
118,6728,10-07 03:45,축구,UEFA 네이션스리그,알바니아,산마리노,,,,,,,,,,,,,,,,,,,,,승,2:1,,,,
118,6734,10-07 03:45,축구,UEFA 네이션스리그,벨라루스,핀란드,,,,,,,,20.4,29.9,49.7,3.5,2.9,1.93,2026-10-06 22:51 (스캔기록),,,,,,,승,1:0,,,,
118,6738,10-07 03:45,축구,UEFA 네이션스리그,룩셈부르크,불가리아,,,,,,,,40.7,32.2,27.2,2.07,3.0,3.0,2026-10-06 22:51 (스캔기록),,,,,,,패,0:2,,,,
118,6742,10-07 03:45,축구,UEFA 네이션스리그,몰도바,슬로바키아,,,,,,,,9.5,18.6,71.9,7.3,4.1,1.3,2026-10-06 22:51 (스캔기록),,,,,,,패,0:4,,,,
118,6746,10-07 03:45,축구,UEFA 네이션스리그,에스토니아,아이슬란드,,,,,,,,15.9,23.6,60.5,4.85,3.5,1.52,2026-10-06 22:51 (스캔기록),,,,,,,무,0:0,,,,
118,6750,10-07 03:45,축구,UEFA 네이션스리그,크로아티아,스페인,,,,,,,,8.6,15.2,76.2,9.3,5.8,1.15,2026-10-06 22:51 (스캔기록),,,,,,,패,1:2,,,,
118,6754,10-07 03:45,축구,UEFA 네이션스리그,잉글랜드,체코,,,,,,,,87.6,8.4,4.1,1.06,7.1,15.5,2026-10-06 22:51 (스캔기록),,,,,,,승,3:0,,,,
118,6760,10-07 03:45,축구,UEFA 네이션스리그,스코틀랜드,슬로베니아,,,,,,,,52.4,29.6,18.0,1.74,3.0,4.15,2026-10-06 22:51 (스캔기록),,,,,,,패,1:2,,,,
118,6701,10-07 07:00,야구,MLB,애틀랜타 브레이브스,LA 다저스,,,,,,,,48.9,0,51.1,1.81,,1.71,2026-10-06 22:51 (스캔기록),,,,,,,패,1:3,,1,,
118,6764,10-07 08:00,축구,남자축구 국제친선경기,아르헨티나,베냉,,,,,,,,,,,,,,,,,,,,,적특,,,,,
118,6782,10-07 08:45,축구,남자축구 국제친선경기,콜롬비아,페루,,,,,,,,,,,,,,,,,,,,,승,2:0,,,,
118,6770,10-07 09:00,축구,남자축구 국제친선경기,미국,캐나다,,,,,,,,59.4,21.9,18.7,1.67,3.55,3.7,2026-10-06 22:51 (스캔기록),,,,,,,승,1:0,,1,,
118,6774,10-07 09:30,축구,미국 메이저리그사커,시카고 파이어FC,밴쿠버 화이트캡스FC,,,,,,,,31.5,24.0,44.5,2.55,3.55,2.1,2026-10-06 22:51 (스캔기록),,,,,,,승,3:1,,0,,
118,6706,10-07 10:30,야구,MLB,샌디에이고 파드리스,밀워키 브루어스,,,,,,,,56.3,0,43.7,1.63,,1.91,2026-10-06 22:51 (스캔기록),,,,,,,승,4:3,,1,,
118,6778,10-07 11:30,축구,남자축구 국제친선경기,멕시코,칠레,,,,,,,,61.6,22.5,16.0,1.51,3.65,4.7,2026-10-06 22:51 (스캔기록),,,,,,,패,0:2,,0,,
118,6786,10-07 18:00,축구,일본 FA컵,우라와 레드,RB오미야 아르디자,,,,,,,,,,,,,,,,,,,,,적특,0:0,,,,
118,6800,10-07 18:00,야구,NPB,한신 타이거즈,히로시마 도요카프,,,,,,,,,,,,,,,,,,,,,적특,,,,,
118,6805,10-07 18:30,축구,일본 FA컵,산프레체 히로시마,이와키FC,,,,,,,,,,,,,,,,,,,,,적특,2:0,,,,
118,6809,10-07 18:30,축구,일본 FA컵,아비스파 후쿠오카,요코하마FC,,,,,,,,,,,,,,,,,,,,,적특,0:1,,,,
118,6813,10-07 18:30,야구,KBO,LG 트윈스,두산 베어스,,,,,,,,,,,,,,,,,,,,,적특,,,,,
118,6821,10-07 18:30,야구,KBO,롯데 자이언츠,KIA 타이거즈,,,,,,,,,,,,,,,,,,,,,적특,,,,,
118,6829,10-07 18:30,야구,KBO,SSG 랜더스,NC 다이노스,,,,,,,,,,,,,,,,,,,,,적특,,,,,
118,6837,10-07 18:30,야구,KBO,KT 위즈,삼성 라이온즈,,,,,,,,,,,,,,,,,,,,,적특,,,,,
118,6845,10-07 18:30,야구,KBO,키움 히어로즈,한화 이글스,,,,,,,,,,,,,,,,,,,,,적특,,,,,
118,6853,10-07 19:00,축구,일본 FA컵,가와사키 프론탈레,테게바자로 미야자키,,,,,,,,,,,,,,,,,,,,,적특,1:0,,,,
118,6857,10-07 19:00,축구,일본 FA컵,파지아노 오카야마,제프 유나이티드,,,,,,,,,,,,,,,,,,,,,적특,0:0,,,,
118,6861,10-07 19:00,축구,일본 FA컵,시미즈 에스펄스,V바렌 나가사키,,,,,,,,,,,,,,,,,,,,,적특,1:1,,,,
118,6865,10-07 19:00,축구,일본 FA컵,FC도쿄,쇼난 벨마레,,,,,,,,,,,,,,,,,,,,,적특,2:0,,,,
118,6869,10-07 19:00,농구,KBL,부산KCC 이지스,대구한국가스공사 페가수스,,,,,,,,,,,,,,,,,,,,,적특,,,,,
118,6874,10-07 19:00,농구,박신자컵,삼성생명 블루밍스,BNK 썸,,,,,,,,,,,,,,,,,,,,,적특,,,,,
119,6782,10-07 08:45,축구,남자축구 국제친선경기,콜롬비아,페루,,,,,,,,68.9,20.7,10.4,1.31,4.0,7.3,10-07 08:44,68.9,20.7,10.4,순수 없음=시장,"콜롬비아 승(1.31, 70%, EV 0.92) — 08:45 임박, 감독 선발 변화 위험",콜롬비아 승 1.31 (티켓 A),승,2-0,,1,1,결과 ESPN 10/7 11:40
119,6770,10-07 09:00,축구,남자축구 국제친선경기,미국,캐나다,,,,,,,,53.5,22.8,23.7,1.62,3.7,3.8,10-07 08:44,53.5,22.8,23.7,순수 없음=시장,"오버 2.5(1.51, 62%, EV 0.93) — 1차 추천",오버 2.5 1.51 (티켓 A),승,1-0,,1,1,결과 ESPN 10/7 11:40
119,6774,10-07 09:30,축구,미국 메이저리그사커,시카고 파이어FC,밴쿠버 화이트캡스FC,,,,,,,,31.9,24.0,44.1,2.65,3.5,2.06,10-07 08:44,31.9,24.0,44.1,순수 없음=시장,,,승,2-1,,0,0,결과 ESPN 10/7 11:40
119,6706,10-07 10:30,야구,MLB,샌디에이고 파드리스,밀워키 브루어스,45,0,55,중간,10/8 조사(G4 11:00): Buehler(4.63·최근 3경기 기복) vs Gasser(좌·3.87·9월 27이닝 5자책·마지막 6이닝 1실점 9K) + SD 불펜 King(G2 72구+G3 40구)·Pivetta(G3 4.1이닝) 사용 불가·Morejon 어깨 미정 vs MIL Megill·Uribe·Ashby 휴식 완료 + Mason Miller 출산휴가 복귀(당일 활성화) + Sheets 목 경직; 홈 벼랑끝·Petco 투수구장,Sheets·Morejon 가용 여부·Miller 복귀 컨디션·Buehler ERA 출처 불일치(4.63/4.88),제외,51.7,0,48.3,1.72,,1.8,10-07 20:25,51.0,0.0,49.0,시장90+순수10,제외 — 3차전 결과 대기,,승,4:3,0,1,1,NLDS 3차전 SD 4-3 승(시리즈 2-1 MIL). 베트맨 6706 gameResult 0. 10/8 G4 행과 이름이 같아 market/results가 덮어쓴 것을 수동 복원
119,6778,10-07 11:30,축구,남자축구 국제친선경기,멕시코,칠레,,,,,,,,61.2,22.0,16.7,1.51,3.65,4.7,10-07 11:20,61.3,22.0,16.7,순수 없음=시장,"멕시코 승(1.51, 61%, EV 0.92) — 보류(무승 4경기·주포 결장)",멕시코 승 1.51 (티켓 A),패,0:2,,0,0,
119,6786,10-07 18:00,축구,일본 FA컵,우라와 레드,RB오미야 아르디자,40,32,28,중간,실제 개최지 오미야 홈(9년 만의 사이타마 더비·티켓 완판) + 우라와 J1 10위 최근 5경기 4승1패·8일 휴식·조귀재 감독 '절대 못 지는 승부' vs 오미야 J2 4위 4승5무0패 무패·10/4 미야자키전 후 중2일,양팀 선발 미확정 — 오미야 로테이션 폭에 따라 변동; 감독 더비 의욕 발언으로 대폭 로테이션 가정은 완화,제외,54.2,25.0,20.7,1.55,3.7,4.25,10-07 11:20,52.9,25.7,21.4,시장90+순수10,"우라와 승(1.71, 보정 52.8%) — 후보5, 제외 해제",,승,3:2,1,1,1,
119,6800,10-07 18:00,야구,NPB,한신 타이거즈,히로시마 도요카프,46,6,48,낮음,한신 선발 西勇輝가 은퇴 경기 세레모니 등판(9/2 마지막 등판 후 9/3 말소·9/25 은퇴 발표로 5주 공백) vs 히로시마 玉村昇悟 15선발 ERA 2.76·최근 4경기 2.21; 한신 10/3 2연패 조기 확정·히로시마도 9/21 CS 소멸로 양팀 소화 경기,西勇輝 투구 이닝 제한·한신 라인업 변경 여부 미확인·고시엔 맑음(우천 변수 없음),제외,,,,1.45,,2.24,,,,,,,,승,2:1,0,,,
119,6805,10-07 18:30,축구,일본 FA컵,산프레체 히로시마,이와키FC,62,25,13,중간,히로시마 J1 3위 17점 득실 20-6(최상위 수비)·아유카와 슌 복귀 후 7경기 5골3도움 vs 이와키 J2 16위 3승6패·10/4 삿포로전 후 중2일; 실제 개최지는 이와키 홈,히로시마 로테이션 폭 미확인(2회전 선발 대비)·이와키 도와키 U-21 AG 결승 직후 피로,,79.0,14.3,6.8,1.12,6.0,11.0,10-07 18:32,77.3,15.3,7.4,시장90+순수10,보정 73.8%이나 배당 1.23으로 사용자 기준 미달,,승,4:0,1,1,1,
119,6809,10-07 18:30,축구,일본 FA컵,아비스파 후쿠오카,요코하마FC,32,28,40,중간,실제 개최지가 요코하마FC 홈(미츠자와)이라 홈 이점 역전 + 후쿠오카 J1 18위 최근 L-L-D-L-L·2회전에서 J3 오이타에 0-0 PK승 고전 vs 요코하마FC J2 5위·2회전에서 J1 이와타 3-1 격파,양팀 3회전 선발·결장 보도 미확인; 후쿠오카가 J1 잔류 우선으로 대폭 로테이션하면 더 내려감,제외,41.9,29.5,28.6,2.18,2.8,3.0,10-07 18:32,40.9,29.4,29.7,시장90+순수10,,,패,0:1,1,0,0,
119,6813,10-07 18:30,야구,KBO,LG 트윈스,두산 베어스,45,0,55,중간,최민석(2.92·14승) vs 임찬규(4.3·직전 3이닝 4실점) 선발 격차 + LG 오지환(무릎 인대)·박동원(무릎) 결장 유력 + 고우석 4일 중 3회 등판·손주영 3G 7실점 vs 두산 이영하 2연속 세이브; 반대 근거 임찬규 두산전 3승 ERA 1.90·LG 상대전적 10승4패·홈; 동기는 양팀 최대(LG 승=4위 확정·두산 승=4위 가능성),17시 라인업(오지환·박동원·홍창기 출전 여부)·고우석 가용·최민석 WC 대비 투구수 조절 가능성,,53.4,0,46.6,1.63,,1.91,10-07 18:32,52.3,0.0,47.7,시장87+순수13,비추천 — 순수 두산 55 vs 시장 LG 55 갈림,,승,7:5,0,1,1,
119,6821,10-07 18:30,야구,KBO,롯데 자이언츠,KIA 타이거즈,39,0,61,중간,양현종(4.4·롯데전 2승 1.80) vs 김태균(20세·1군 5이닝 경험·외인 2명 아웃 땜질) → 롯데 최악 불펜(9월 7.98) 조기 노출 + 상대전적 KIA 9-4-1 + 롯데 홈 .412·최근 4경기 3득점 + KIA 3위 동률 필승 동기; KIA 불펜 과부하(이의리·이태양 3연투·전상현 4일 중 3일·집단 마무리)로 극단 회피,KIA 필승조 피로로 양현종 조기 강판 시 역전 위험·황성빈 어깨·롯데 라인업 미발표,,36.3,0,63.7,2.49,,1.36,10-07 18:32,36.6,0.0,63.4,시장87+순수13,"KIA 승(1.40, 보정 62.5%, EV 0.88) — 추천1·조합A",KIA 승 1.40 (티켓 B),패,4:12,1,1,1,
119,6829,10-07 18:30,야구,KBO,SSG 랜더스,NC 다이노스,61,0,39,중간,김민준(3.75·QS형 신인·시즌 마지막 등판) vs 송명기(6.25·최근 3번 선발 모두 4회 못 넘김) + NC 10/6 불펜 7이닝 소모·류진욱 아웃 vs SSG 필승조(김민·문승원·조병현) 이틀 휴식 + 상대전적 SSG 9-2-4·홈; 양팀 탈락·동기 낮아 극단 회피,김민준 신인 투구수 제한·하이 루키 데이 주전 휴식 가능성·NC 송명기 오프너 운영·박건우 DH 복귀,,61.5,0,38.5,1.53,,2.07,10-07 18:32,61.4,0.0,38.6,시장87+순수13,"SSG 승(1.63, 보정 56.2%, EV 0.92) — 추천3·조합B",,승,6:3,1,1,1,
119,6837,10-07 18:30,야구,KBO,KT 위즈,삼성 라이온즈,62,0,38,중간,소형준(3.37·3연속 QS·10승 도전) vs 원태인(4.5대·기복); 삼성 구자욱 정규시즌 아웃·마무리 김재윤 광배근 미등판·전날 2진 운용 vs KT 필승조 이틀 휴식·타이틀 동기(힐리어드 홈런왕·최원준 안타왕)로 감독 '정면 승부' 공언; 상대전적 삼성 9-4 우세로 극단 회피,양팀 라인업 16:30 발표 — KT 주전 대거 휴식·소형준 조기 강판이면 55 안팎으로 수렴; 삼성 완전체+김재윤 복귀 여부,제외,51.9,0,48.1,1.66,,1.87,10-07 18:32,53.2,0.0,46.8,시장87+순수13,"KT 승(1.71, 보정 54.6%, EV 0.93) — 조건부(16:30 라인업)",,승,9:3,1,1,1,
119,6845,10-07 18:30,야구,KBO,키움 히어로즈,한화 이글스,46,0,54,낮음,김성진(1군 2번째 선발·불펜데이) vs 정우주(점검 등판·투구수 제한) 상쇄 → 타선 격차(한화 득점 1위 vs 키움 타율 최하위)가 한화 쪽; 키움 상대전적 9-5-1·고척 투고로 당김,양팀 라인업 17시 확정·최종전 유망주 대거 기용 가능성·정우주 조기 강판 시 한화 불펜 5이닝 노출,제외,39.1,0,60.9,2.31,,1.42,10-07 18:32,40.0,0.0,60.0,시장87+순수13,제외 — 양쪽 임시·점검 선발,,승,5:3,0,0,0,
119,6853,10-07 19:00,축구,일본 FA컵,가와사키 프론탈레,테게바자로 미야자키,54,29,17,중간,가와사키 J1 7위·9/29 이후 8일 휴식·고바야시 유 은퇴 시즌 '3년 만의 제패' 동기 vs 미야자키 J2(J3 아님) 11위 최근 4경기 무패·10/4 오미야전 후 중2일·2회전에서 J2 이와타 연장 격파; 실제 개최지 미야자키 홈,미야자키 상승세 지속 시 이변 확률 상향·양팀 결장 미확인·Pinnacle 라인 없어 시장 대조 불가,,71.1,17.1,11.9,1.29,4.6,6.4,10-07 18:32,69.4,18.2,12.4,시장90+순수10,Pinnacle 라인 없음 — 시장 대조 불가로 제외,,승,2:0,1,1,1,
119,6857,10-07 19:00,축구,일본 FA컵,파지아노 오카야마,제프 유나이티드,46,28,26,중간,오카야마 J1 9위 최근 W-W-W-L·2회전 3-0 완파 vs 지바 J1 최하위 20위·2회전 J3 누마즈에 1-1 PK 고전; 다만 실제 개최지는 지바 홈(후쿠다전자아레나),지바가 최하위 탈출 위해 컵에 총력전 걸 가능성·양팀 결장 미확인,,46.2,28.5,25.3,2.05,3.1,2.95,10-07 18:32,46.2,28.5,25.4,시장90+순수10,"오카야마 승(1.60, 보정 54.9%) — 후보4(컵 위험 중복 회피로 조합 제외)",,승,1:0,1,1,1,
119,6861,10-07 19:00,축구,일본 FA컵,시미즈 에스펄스,V바렌 나가사키,40,30,30,중간,실제 개최지 시미즈 홈 일치 + 시미즈 J1 12위 최근 2연승 vs 나가사키 J1 15위 D-L-W-D; 양팀 2회전 모두 J2 상대 무난한 승리로 로테이션 신호 약함,결장자 정보 미확인·J1 리그 재개(10/10~11) 대비 로테이션 여부,,42.7,29.1,28.3,1.99,3.0,3.2,10-07 18:32,42.4,29.2,28.4,시장90+순수10,,,무,1:1,0,0,0,
119,6865,10-07 19:00,축구,일본 FA컵,FC도쿄,쇼난 벨마레,54,28,18,중간,FC도쿄 J1 5위 17점 득실 14-8 수비 견고 vs 쇼난 J2 6위 4승4무1패 양호한 폼·중3일 휴식(4팀 중 최다); 실제 개최지 쇼난(히라츠카) 홈이고 양팀 모두 리그 순위가 좋아 컵 체력 투자 회피 가능,히라츠카 18시 강수확률 10% — 비 오면 템포 저하로 무승부 확률 상향·양팀 결장 미확인,,64.2,21.8,14.0,1.5,3.6,4.9,10-07 18:32,63.2,22.4,14.4,시장90+순수10,"FC도쿄 승(1.48, 보정 61.8%, EV 0.91) — 추천2·조합A",FC도쿄 승 1.48 (티켓 B),승,4:0,1,1,1,
119,6869,10-07 19:00,농구,KBL,부산KCC 이지스,대구한국가스공사 페가수스,58,0,42,낮음,KCC 디펜딩챔프·숀 롱 25득점17리바운드로 10/5 모비스전 승(개막 1승1패) vs 가스공사 0승2패; 단 KCC는 최준용 임의해지(미국)·송교창 일본 이적으로 핵심 이탈·10/3 LG전 35점차 대패 가스공사는 라건아 세금문제로 합류 지연·외인 호흡 미비,허웅(허리 프리시즌 결장)·이승현·김국찬 출전 여부 라인업 발표 전 불명·표본 2경기,,65.4,0,34.6,1.33,,2.6,10-07 18:32,64.7,0.0,35.3,시장90+순수10,순수 58%이나 배당 1.23으로 기준 미달,,승,103:98,1,1,1,
119,6874,10-07 19:00,농구,박신자컵,삼성생명 블루밍스,BNK 썸,52,0,48,낮음,박신자컵 조별 3차전; 삼성생명 10/3 칼튼대 99-47 완승 후 10/5 후지쯔에 66-89 완패(2쿼터 11-30 붕괴) BNK는 10/5 칼튼대 103-41 대승으로 상대 수준 낮아 참고가치 낮음,대회 4강 진출 조건·양팀 로테이션·부상자 전부 미확인(프리시즌),제외,24.1,0,75.9,2.77,,1.29,10-07 18:32,27.1,0.0,72.9,시장89+순수11,,,패,56:91,0,1,1,
119,6878,10-08 05:00,야구,MLB,시카고 화이트삭스,클리블랜드 가디언스,65,0,35,중간,Newcomb(좌·ERA 3.09·90이닝·최근 3경기 무자책) vs Espino(시즌 15.1이닝뿐인 변칙 벌크형·9/18 1이닝 3실점) + CWS 불펜 G1 5명 합작 완봉·Taylor 2연속 세이브 vs CLE 핵심 구원 2명(Holderman·Walters) 시즌아웃 + CLE 호세 라미레스 손목 통증·Hoskins IL; 정규 상대전적 CWS 7-6,Espino 조기 강판 → 불펜데이 가능·라미레스 손목 악화 여부·Rate Field 날씨 미확인,,52.0,0,48.0,1.69,,1.84,10-07 20:25,53.3,0.0,46.7,시장90+순수10,"화이트삭스 승(보정 52.8%, 순수 65) — 후보3·EV 확인 1순위",,패,3:7,0,0,0,"ALDS 3차전, CWS 2-0 리드. Pinnacle 10/7 11:40 | 결과 CLE 7-3(CBS/ESPN 10/8 08:15). Espino 오프너 0.2이닝 1실점 후 불펜데이, 라미레스 3번 선발 2안타 2타점, 3회 Adell 3타점 3루타. 시리즈 CWS 2-1"
119,6883,10-08 07:00,야구,MLB,애틀랜타 브레이브스,LA 다저스,46,0,54,중간,Glasnow(3.53·98K) vs Mahle(3.99) 선발 근소 우위 + 다저스 불펜(Diaz 3차전 세이브·Phillips 가용) 및 라인업 뎁스(오타니·베츠·프리먼·터커 정상) 우세 vs 애틀랜타 투수 뎁스 얇음(Strider·Schwellenbach 아웃·Elder 엔트리 제외); 벼랑 끝 홈 총력전이 격차 축소,양 선발 모두 시리즈 첫 등판이라 투구수 관리 변수·FIP 등 세부 지표 미확인(B-R 차단)·4차전 당일 날씨 미확인,,42.6,0,57.4,1.97,,1.59,10-07 20:25,42.9,0.0,57.1,시장90+순수10,"다저스 승(보정 56.3%) — 오전블록 후보2, 배당 미발표",,패,1:4,1,1,1,"NLDS 4차전, LAD 2-1 리드. Pinnacle 10/7 11:40"
119,6888,10-08 09:00,야구,MLB,뉴욕 양키스,탬파베이 레이스,46,0,54,낮음,Fried(좌·ERA 2.80·G1 6이닝 1실점) 선발 우위·홈이지만 **Aaron Judge 종아리 부상으로 ALDS 로스터 제외** + TB 투수진 시리즈 지배(Rasmussen G1 7.2이닝 노히트·Baker 2연속 세이브) vs Martinez 최근 2경기 부진(9/27 2.2이닝 4실점); 정규 막판 상대전적은 NYY 4경기 중 3승으로 상충,Baker 2연투 피로·Judge 로스터 복귀 여부·시리즈 흐름 서사 과대평가 가능성(분석방법론 '이기는 법을 아는 팀' 오류),제외,61.5,0,38.5,1.53,,2.07,10-08 08:37,59.9,0.0,40.1,시장90+순수10,"양키스 승(보정 58.6%) — 오전블록 후보1, 배당 미발표",,패,3:4,1,0,0,"ALDS 3차전, TB 2-0 리드. Pinnacle 10/7 11:40"
119,6893,10-08 11:00,야구,MLB,샌디에이고 파드리스,밀워키 브루어스,45,0,55,중간,10/8 조사(G4 11:00): Buehler(4.63·최근 3경기 기복) vs Gasser(좌·3.87·9월 27이닝 5자책·마지막 6이닝 1실점 9K) + SD 불펜 King(G2 72구+G3 40구)·Pivetta(G3 4.1이닝) 사용 불가·Morejon 어깨 미정 vs MIL Megill·Uribe·Ashby 휴식 완료 + Mason Miller 출산휴가 복귀(당일 활성화) + Sheets 목 경직; 홈 벼랑끝·Petco 투수구장,Sheets·Morejon 가용 여부·Miller 복귀 컨디션·Buehler ERA 출처 불일치(4.63/4.88),제외,50.2,0,49.8,1.72,,1.8,10-08 08:37,49.7,0.0,50.3,시장90+순수10,비추천 — 50/50(순수 MIL 55),,패,1:3,1,0,1,"NLDS 4차전(if necessary) — 3차전 10/7 10:30 KST 진행 중, MIL 2-0 리드"
119,6911,10-08 14:00,농구,박신자컵,하나은행,우리은행 우리WON,46,0,54,낮음,10/8 조사: 박신자컵 B조 1위 결정전 성격(우리 2-0·하나 2-1). 우리 김단비 직전 28점 15리바·강이슬 FA 영입·전주원 신임 감독 vs 하나 신한은행전 3Q 2득점 붕괴(10명 로테이션 실험) 다만 2025-26 상대전적 하나 5전 전승,프리시즌 로테이션·아시아쿼터 명단·타이브레이크 규정 미확인,제외,23.8,0,76.2,3.38,,1.19,10-08 08:37,26.2,0.0,73.8,시장89+순수11,,,승,56:50,0,0,0,
119,6901,10-08 18:00,야구,NPB,한신 타이거즈,야쿠르트 스왈로스,60,0,40,낮음,10/8 조사: 한신 선발 신외국인 루카스(NPB 2번째 선발·데뷔 4.2이닝 4실점) vs 야쿠르트 나카무라 유토(1군 전부 구원·첫 선발 시도) + 한신 10/7 연장 11회 투수 8명 소모·CS까지 중5일 조정 국면 vs 상대전적 한신 16-7·사토 테루아키 3관왕(홈런·타율·타점 1위) 동기·야쿠르트 지면 6위(이케야마 '지면 6위') 동기 있음·산타나 말소,한신 CS 대비 결장 명단·양팀 라인업 미발표·루카스 조기 강판 시 소진된 불펜,제외,62.8,0,37.2,1.44,,2.26,10-08 08:37,62.5,0.0,37.5,시장89+순수11,"비추천 — 제외 유지(루카스 2번째 선발·10/7 투수 8명·CS 조정), 보정 62.5%",,패,0:4,0,0,0,
119,6947,10-08 19:00,농구,KBL,원주DB 프로미,창원LG 세이커스,68,0,32,중간,10/8 조사: DB 개막 홈승(속공 11개·6명 두자릿수)·엘런슨+해먼즈 조합 안정 vs LG 10/6 KT에 72-97 대패·타마요(재활)·유기상(AG 발목)·양준석(PO 부상) 3명 KT전 미출전·개막 후 9연속 원정(창원체육관 공사)·마레이-굿윈 호흡 미완성(조상현 자인); 반대 근거 2025-26 상대전적 LG 4-2·프리시즌 LG 82-79,LG 타마요·유기상·양준석 10/8 실제 출전 여부·DB 정효근(발목) 복귀 여부,,59.0,0,41.0,1.47,,2.19,10-08 08:37,59.9,0.0,40.1,시장90+순수10,"DB 승(1.47, 보정 59.9%·순수 68, EV 0.88) — 10/8 블록 추천1",,패,92:96,0,0,0,
119,6975,10-09 14:00,축구,K리그1,대전 하나시티즌,전북 현대모터스,35,30,35,낮음,"10/8 조사 2건이 엇갈림 — A: 32/30/38(2026 맞대결 전북 무패·황선홍 전북전 고전·정정용 빌드업이 대전 압박 제압) / B: 38/30/32(대전 최근 9경기 무패·파이널A 마지노선(포항과 40점 동률)·전북 A매치 차출 3명 피로·티아고 턱 골절 후 복귀 미확인). 공통: 양팀 CB 경고누적 결장(안톤·김영빈), 2026 맞대결 저득점(1-0 또는 2-0, 0-0). '전북 지지않음'은 두 조사 모두 62~68%",안톤·김영빈 결장 단일 출처·티아고·엄원상 출전 여부·대전 최근 무패 경기 수 매체 불일치(4 vs 9),,42.6,26.1,31.2,2.14,3.2,2.7,10-08 08:37,41.9,26.5,31.6,시장90+순수10,"전북 지지않음 H-1 패(1.31, 66.8%*·순수 62~68, EV 0.89) — 후보4(조사 2건 엇갈려 확신 낮음)",,,,,,,
119,6983,10-09 14:00,축구,K리그2,수원FC,화성FC,40,32,28,낮음,"10/8 조사: 수원FC 2위(48점, 직행 경쟁) 홈 6승5무 무패·13경기 무패·50득점 vs **프리조(13골 6도움) 뇌진탕 결장 유력·마테우스 바비·구본철 경고누적 결장 확정**·박건하 벤치 복귀 미확인 / 화성 5위(44점) 차두리 3-4-3 역습·27실점·일류첸코 2경기 연속골·이래준·플라나 20공격포인트·9연속 원정 중. 11R 1-1. 양팀 무승부 많음(9무/8무)",프리조 당일 출전 여부·박건하 벤치 복귀·심판 미확인,,47.3,24.4,28.3,1.95,3.35,2.95,10-08 08:37,46.6,25.1,28.3,시장90+순수10,"비추천 — 프리조·바비·구본철 결장, 시장 오버 2.5 56.9와 순수 반대",,,,,,,
119,6995,10-09 14:00,야구,KBO,롯데 자이언츠,LG 트윈스,40,0,60,낮음,LG 3위 경쟁 롯데 탈락,선발 미발표,,,,,,,,,,,,,,,,,,,,
119,7003,10-09 14:00,야구,KBO,SSG 랜더스,삼성 라이온즈,52,0,48,낮음,삼성 2위 확정,삼성 주전 휴식·선발 미발표,,,,,,,,,,,,,,,,,,,,
119,7011,10-09 14:00,야구,KBO,NC 다이노스,KIA 타이거즈,42,0,58,낮음,KIA 3위 경쟁 NC 탈락,선발 미발표,,,,,,,,,,,,,,,,,,,,
119,7019,10-09 14:00,농구,KBL,수원KT 소닉붐,고양소노 스카이거너스,53,0,47,낮음,접전 KT 김선형 결장,김선형·최승욱 상태,,,,,,,,,,,,,,,,,,,,
119,7024,10-09 14:00,농구,박신자컵,후지쯔 레드웨이브,BNK 썸,72,0,28,낮음,후지쯔 2-0 선두,4강 확정 후 로테이션,제외,,,,,,,,,,,,,,,,,,,
119,7028,10-09 16:30,축구,K리그1,강원FC,부천FC 1995,48,26,26,중간,"10/8 조사: 강원 5위(43점, 4위 전북과 1점차·파이널A/ACL 경쟁) 강릉 23경기 연속 무패 + 황문기·김이석·이기혁·이승원·신민하(AG 금) 등 복귀로 '완전체' vs 부천 11위(32점) 잔류 안전·강릉 원정; 반대 근거 1차전(8/1 강릉) 부천 3-0 완승·역대 부천 7승 5패",모재현·서민우 결장 여부 출처 엇갈림·부천 부상자 미확인·심판 미확인,,54.3,26.2,19.6,1.71,3.1,4.15,10-08 08:37,53.6,26.2,20.2,시장90+순수10,"강원 승(1.71, 보정 53.6%·순수 48, EV 0.92) — 후보6",,,,,,,
119,7036,10-09 16:30,축구,K리그1,인천 유나이티드,포항 스틸러스,33,31,36,낮음,"10/8 조사: 승점 1차(포항 40·인천 39) 파이널A 생사전. 인천 무고사 12골·페리어·xG 1.41 vs 1.37 우위·홈이지만 홈 5승4무6패 약함·최근 3경기 승점 2 / 포항 인천 상대 8경기 무패(5승3무)·올해 2경기 1실점·서울전 2-1 반등, 그러나 10/13 ACLE 홈경기 앞 로테이션 가능(ACLE 1차전 기성용 제외 전례)·득점 28 하위",포항 기성용·조르지 선발 여부(ACLE 로테이션)·양팀 부상 명단·심판 미확인,,41.5,30.2,28.3,2.15,2.8,3.05,10-08 08:37,40.7,30.3,29.0,시장90+순수10,"언더 2.5(1.43, 62.8%, EV 0.90) — 10/9 추천4·조합B",,,,,,,
119,7044,10-09 16:30,축구,K리그2,충북청주 프로축구단,성남FC,38,30,32,낮음,"10/8 조사: 청주 11위(29점) vs 성남 10위(31점) 근소 성남 우위이나 청주 최근 2연승(안산 3-2·충남아산 1-0, 세트피스 강점·가르시아 14골)·성남 최근 1무 2패·김해운 신임 감독(8/11 단장→감독) vs 퀸타 체제 안정, 1차전 2-2",양팀 선발·부상·경고누적 미확인·청주종합 잔디(8월 탄저병) 상태·심판 미확인,,34.9,28.9,36.2,2.55,3.0,2.36,10-08 08:37,35.2,29.0,35.8,시장90+순수10,"청주 지지않음 H+1 승(1.46, 63.2%*·순수 68%, EV 0.92) — 10/9 추천3·조합A",,,,,,,
119,7048,10-09 16:30,축구,K리그2,김포FC,서울 이랜드,24,28,48,중간,"10/8 조사: 이랜드 3위(48점, 자동승격 2위 경쟁 '6경기 집중')·에울레르·박재용(10골)·변경준 복귀 4경기 3골 vs 김포 7위(35점)·홈 6경기 무승 후 9/19 부산전 1-0·구단 83억 횡령 사건(존립 문제) + 2026 1차전 이랜드 2-1(김포 퇴장 2)·2025도 이랜드 1-0",양팀 선발·루안(김포)·까리우스(이랜드) 컨디션·경고누적·심판 미확인,,31.2,25.4,43.4,2.8,3.25,2.06,10-08 08:37,30.5,25.6,43.8,시장90+순수10,비추천 — 이랜드 승 44%,,,,,,,
119,7052,10-09 16:30,농구,KBL,서울삼성 썬더스,안양정관장 레드부스터스,40,0,60,중간,정관장 개막 2연승 삼성 이규태 부상,이규태 결장 여부,,,,,,,,,,,,,,,,,,,,
119,7057,10-09 19:00,축구,일본 J1리그,가시마 앤틀러스,감바 오사카,52,25,23,중간,10/8 조사: 가시마 8위(13점) 2주 완전 휴식·레오 세아라 득점왕급·오니키 체제 안정 vs 감바 16위 강등권(6점)·10/3 루방컵 가시와전 120분 연장(5-4 패) 후 6일 휴식·시즌 2차례 감독 교체(명신 7/18 취임)·리그 3경기 무득점; H2H 최근 5경기 가시마 2승2무1패; 천황배 3회전은 양팀 9/23에 끝나 무관,"가시마 결장자 명단(안세이 ACL·히구치 골절 확정, 그 외 교차확인 안 됨)·하야카와 GK 선발 여부·심판",,51.5,24.5,24.0,1.73,3.5,3.5,10-08 08:37,51.5,24.5,23.9,시장90+순수10,"가시마 승(1.73, 51.6%, EV 0.89) — 후보7",,,,,,,
119,7061,10-09 19:00,축구,일본 J1리그,가시와 레이솔,비셀 고베,34,30,36,중간,"10/8 조사: 1위 고베(19점, 최소실점 5, 5연승, 9/20 이후 3주 휴식, 스키베 감독) vs 2위 가시와(18점, 최다득점 17, 10/3 루방컵 감바전 120분 연장 5-4 후 6일 휴식, 세가와 교체 출전 7골) + H2H 최근 5경기 고베 2승2무1패 + 가시와 토시마 10/6 교통사고(본인 무상); 승리 시 가시와 1위 역전",토시마 출전 여부·고베 결장자 미확인·고베 루방컵 참가 여부·심판,,44.3,27.5,28.2,1.99,3.2,3.0,10-08 08:37,43.3,27.7,28.9,시장90+순수10,"고베 지지않음 H-1 패(1.64, 55.8%*·순수 66%, EV 0.92) — 후보5",,,,,,,
119,7065,10-09 20:35,축구,중국 슈퍼리그,선전 신펑청,허난FC,40,30,30,낮음,중위권,순위 자료 불일치,제외,33.6,26.0,40.4,2.7,3.35,2.08,10-08 08:37,34.2,26.4,39.4,시장90+순수10,,,,,,,,
119,7069,10-09 20:35,축구,중국 슈퍼리그,칭다오 하이뉴,베이징 궈안,20,27,53,낮음,칭다오 9연패 강등 직전,순위 자료 불일치,제외,15.3,17.6,67.1,5.3,4.15,1.39,10-08 08:37,15.8,18.5,65.7,시장90+순수10,,,,,,,,
119,7073,10-09 21:00,축구,중국 슈퍼리그,저장FC,상하이 하이강,36,28,36,낮음,중위권,순위 자료 불일치,제외,36.5,23.8,39.7,2.35,3.65,2.22,10-08 08:37,36.5,24.2,39.3,시장90+순수10,,,,,,,,
승무패59,1,10-10 23:00,축구,EPL,A빌라,브렌트퍼,33,29,38,낮음,브렌트포드 7경기 무패·빌라 수비 결장 6,,,36.0,26.9,37.0,,,,10-08 18:50,,,,,,패,,,,,,승무패 1조합 마킹
승무패59,2,10-10 23:00,축구,EPL,첼시,본머스,47,26,27,낮음,"첼시 0-3(허용 xG 2.65)·5경기 12실점, 본머스 공격 6명 결장",,,56.9,22.8,20.3,,,,10-08 18:50,,,,,,승,,,,,,승무패 1조합 마킹
승무패59,3,10-10 23:00,축구,EPL,입스위치,풀럼,39,29,32,낮음,풀럼 리그 무승·원정 7경기 무승·포트먼로드 2017년 이후 무승,,,34.0,26.5,39.5,,,,10-08 18:50,,,,,,승,,,,,,승무패 1조합 마킹
승무패59,4,10-10 23:00,축구,EPL,선덜랜드,브라이턴,27,26,47,낮음,브라이턴 5경기 16골·2연속 무실점,,,31.7,27.1,41.2,,,,10-08 18:50,,,,,,패,,,,,,승무패 1조합 마킹
승무패59,5,10-10 23:15,축구,라리가,알라베스,AT마드,26,27,47,낮음,"AT 차출 17명·UCL 화, 알라베스 5-3-2·7경기 6실점",,,21.8,25.4,52.8,,,,10-08 18:50,,,,,,패,,,,,,승무패 1조합 마킹
승무패59,6,10-11 01:30,축구,EPL,맨체스U,토트넘,45,29,26,낮음,"맨유 좌측 수비 붕괴·셰슈코 재발, 토트넘 5경기 2골",,,56.6,21.9,21.5,,,,10-08 18:50,,,,,,무,,,,,,승무패 1조합 마킹
승무패59,7,10-11 04:00,축구,라리가,레알마드,비야레알,57,23,20,낮음,"후이선 징계·발베르데 의문, 맞대결 레알 4승1패",,,72.5,15.2,12.3,,,,10-08 18:50,,,,,,승,,,,,,승무패 1조합 마킹
승무패59,8,10-11 21:00,축구,라리가,엘체,셀타비고,36,32,32,낮음,셀타 7경기 4무 저득점·아스파스 의문,,,34.2,28.9,36.9,,,,10-08 18:50,,,,,,무,,,,,,승무패 1조합 마킹
승무패59,9,10-11 22:00,축구,EPL,크리스털,노팅엄F,30,39,31,낮음,"맞대결 12경기 8무, 셀허스트 6경기 5무",,,35.4,28.3,36.3,,,,10-08 18:50,,,,,,무,,,,,,승무패 1조합 마킹
승무패59,10,10-11 22:00,축구,EPL,헐시티,에버턴,30,38,32,낮음,"헐 홈 무패, 에버턴 5경기 3무",,,25.4,27.3,47.3,,,,10-08 18:50,,,,,,무,,,,,,승무패 1조합 마킹
승무패59,11,10-11 23:15,축구,라리가,소시에다,데포아코,42,30,28,낮음,"오스카르손 징계, 승점 동률, 데포르 직전 베티스 1-1",,,59.9,23.0,17.1,,,,10-08 18:50,,,,,,승,,,,,,승무패 1조합 마킹
승무패59,12,10-12 00:30,축구,EPL,리버풀,맨체스C,28,27,45,낮음,"맨시티 5연승, 리버풀 이삭·각포 의문",,,36.3,25.5,38.2,,,,10-08 18:50,,,,,,패,,,,,,승무패 1조합 마킹
승무패59,13,10-12 01:30,축구,라리가,베티스,오사수나,53,26,21,낮음,"오사수나 5경기 무승·3명 결장, 베티스 피르포 결장",,,63.0,20.9,16.1,,,,10-08 18:50,,,,,,승,,,,,,승무패 1조합 마킹
승무패59,14,10-12 04:00,축구,라리가,라싱산탄,발렌시아,42,28,30,낮음,"라싱 홈 무패 승격팀, 발렌시아 19위·직전 0-5",,,41.6,27.0,31.4,,,,10-08 18:50,,,,,,승,,,,,,승무패 1조합 마킹
