회차,번호,선택,시각,종목,리그,경기,게임,배당,확률,구분,조합,이유,구매,결과,적중
120,7052,패,2026-10-09 16:30,농구,KBL,서울삼성 썬더스 vs 안양정관장 레드부스터스,농구 승패,1.4,67.0,추천,① 10/9 오후 (14:00~16:30),,20000,승,0
120,7005,승,2026-10-09 14:00,야구,KBO,SSG 랜더스 vs 삼성 라이온즈,야구 핸디캡 `H +2.5`,1.31,64.4,추천,① 10/9 오후 (14:00~16:30),,20000,승,1
120,7045,승,2026-10-09 16:30,축구,K리그2,충북청주 프로축구단 vs 성남FC,축구 핸디캡 `H +1.0`,1.46,63.2,추천,① 10/9 오후 (14:00~16:30),,20000,승,1
120,7345,패,2026-10-10 23:00,축구,잉글랜드 프리미어리그,첼시 vs AFC본머스,축구 핸디캡 `H -2.0`,1.38,65.4,추천,② 10/10 오후 (23:00),,20000,,
120,7339,패,2026-10-10 23:00,축구,잉글랜드 프리미어리그,애스턴 빌라 vs 브렌트퍼드,축구 핸디캡 `H -1.0`,1.47,65.0,추천,② 10/10 오후 (23:00),,20000,,
120,7389,승,2026-10-11 00:15,축구,프랑스 리그1,릴OSC vs 르아브르AC,축구 승무패,1.36,66.9,추천,③ 10/11 오전 (00:15~03:45),,20000,,
120,7403,패,2026-10-11 01:30,축구,잉글랜드 프리미어리그,맨체스터 유나이티드 vs 토트넘 홋스퍼,축구 핸디캡 `H -2.0`,1.37,66.0,추천,③ 10/11 오전 (00:15~03:45),,20000,,
120,7447,승,2026-10-11 03:45,축구,프랑스 리그1,AS모나코 vs 툴루즈,축구 승무패,1.48,61.3,추천,③ 10/11 오전 (00:15~03:45),,20000,,
120,7536,승,2026-10-11 14:00,축구,K리그1,광주FC vs 울산 HDFC,축구 핸디캡 `H +2.0`,1.38,64.7,추천,④ 10/11 오후 (14:00~22:00),,20000,,
120,7662,패,2026-10-11 22:00,축구,잉글랜드 프리미어리그,크리스털 팰리스 vs 노팅엄 포리스트,축구 핸디캡 `H -1.0`,1.45,65.4,추천,④ 10/11 오후 (14:00~22:00),,20000,,
120,7650,승,2026-10-11 21:00,축구,스페인 라리가,엘체 vs RC셀타데비고,축구 핸디캡 `H +1.0`,1.47,62.7,추천,④ 10/11 오후 (14:00~22:00),,20000,,
120,7729,승,2026-10-12 00:15,축구,프랑스 리그1,스타드 렌 vs AJ오세르,축구 승무패,1.37,67.5,추천,⑤ 10/12 오전 (00:15~01:30),,20000,,
120,7749,승,2026-10-12 01:30,축구,스페인 라리가,레알 베티스 vs 오사수나,축구 승무패,1.46,64.4,추천,⑤ 10/12 오전 (00:15~01:30),,20000,,
120,7477,승,2026-10-11 08:30,축구,미국 메이저리그사커,인터 마이애미CF vs DC유나이티드,축구 승무패,1.32,69.3,추천제외,,"A매치 기간 메시·데파울 소집 의문, 순수 45",,,
120,7116,승,2026-10-10 04:00,축구,잉글랜드 챔피언십,웨스트햄 유나이티드 vs 퀸즈파크 레인저스,축구 승무패,1.45,65.7,추천제외,,순수 55 vs 시장 66,,무,0
120,7101,승,2026-10-10 03:00,축구,네덜란드 에레디비시,PSV에인트호번 vs SC헤이렌베인,축구 핸디캡 `H -1.0`,1.52,60.5,추천제외,,PSV 순수 승 62로 2골차+ 불일치,,승,1
120,7262,승,2026-10-10 20:30,축구,잉글랜드 프리미어리그,아스널 vs 리즈 유나이티드,축구 승무패,1.3,70.6,추천제외,,순수 50 vs 시장 71,,,
120,7290,패,2026-10-10 22:30,축구,독일 분데스리가,아우크스부르크 vs 바이에른 뮌헨,축구 핸디캡 `H +1.0`,1.45,66.2,추천제외,,"바이에른 순수 56, 2골차+ 불일치",,,
120,7284,승,2026-10-10 22:30,축구,독일 분데스리가,TSG1899 호펜하임 vs 함부르크,축구 승무패,1.35,67.1,추천제외,,순수 48 vs 시장 67,,,
120,7396,승,2026-10-11 01:00,축구,이탈리아 세리에A,인테르나치오날레 밀라노 vs 파르마,축구 핸디캡 `H -1.0`,1.42,69.2,추천제외,,"인테르 순수 66, 2골차+ 불일치",,,
120,7425,패,2026-10-11 03:00,축구,네덜란드 에레디비시,포르튀나 시타르트 vs 트벤테,축구 승무패,1.36,67.5,추천제외,,트벤테 순수 43,,,
120,7433,승,2026-10-11 03:45,축구,이탈리아 세리에A,SSC나폴리 vs 프로시노네,축구 승무패,1.36,66.2,추천제외,,순수 44 vs 시장 66,,,
120,7753,패,2026-10-12 03:45,축구,이탈리아 세리에A,칼리아리 vs 유벤투스,축구 승무패,1.48,61.9,추천제외,,"유벤투스 순수 33, 결장 출처 상충",,,
120,7013,승,2026-10-09 14:00,야구,KBO,NC 다이노스 vs KIA 타이거즈,야구 핸디캡 `H +2.5`,1.4,63.6,추천제외,,KIA 총력 여부 미정(대체 후보),,패,0
120,7039,언더,2026-10-09 16:30,축구,K리그1,인천 유나이티드 vs 포항 스틸러스,축구 언더오버 `U/O 2.5`,1.43,62.1,추천제외,,순수 확률 없음(대체 후보),,패,0
120,6981,패,2026-10-09 14:00,축구,K리그1,대전 하나시티즌 vs 전북 현대모터스,축구 전반 핸디캡 `H -1.0`,1.31,66.5,추천제외,,"전반 시장, 순수 비교 불가·배당 1.31",,패,1
120,7000,패,2026-10-09 14:00,야구,KBO,롯데 자이언츠 vs LG 트윈스,야구 전반 승무패,1.42,61.4,추천제외,,LG 선발 미확인,,승,0
120,7514,패,2026-10-11 11:30,축구,미국 메이저리그사커,LAFC vs 밴쿠버 화이트캡스FC,축구 핸디캡 `H -1.0`,1.47,60.9,추천제외,,양팀 6~7명 소집 의문,,,
120,7153,패,2026-10-10 14:00,축구,K리그2,전남 드래곤즈 vs 용인FC,축구 핸디캡 `H -1.0`,1.45,64.3,추천,Ⓑ 10/10 14:00 (3경기),,,,
120,7736,승,2026-10-12 00:30,축구,잉글랜드 프리미어리그,리버풀 vs 맨체스터 시티,축구 핸디캡 `H +1.0`,1.5,60.9,추천제외,,순수 55 약함,,,
120,7151,언더,2026-10-10 14:00,축구,K리그1,FC서울 vs 제주 SKFC,축구 전반 언더오버 `U/O 1.5`,1.43,64.4,추천,Ⓑ 10/10 14:00 (3경기),,,,
120,7210,패,2026-10-10 14:00,야구,KBO,롯데 자이언츠 vs LG 트윈스,야구 승패,1.36,63.5,추천,Ⓑ 10/10 14:00 (3경기),,,,
120,7095,승,2026-10-10 14:00,야구,NPB,세이부 라이온즈 vs 닛폰햄 파이터스,야구 승패,1.46,61.1,추천제외,,예고선발 미확인·순수 52(8%p 경고),,,
120,7124,패,2026-10-10 14:00,축구,일본 J1리그,세레소 오사카 vs 요코하마 F마리노스,축구 승무패,2.75,33.3,추천제외,,세레소 H-1 패 59.3% 60% 미만,,,
