회차,경기,전반,최종,모델확률%,대중_최종%,대중_전반%,표시배당,추정배당,기대값_하한,기대값_추정
26,한국 vs 베네수엘,2-0,4-1,0.46,0.11,10.33,1945.9,18829.1,8.861,85.742
26,한국 vs 베네수엘,2-1,4-1,0.4,0.11,4.34,1945.9,19459.0,7.877,78.765
26,한국 vs 베네수엘,3-0,5-0,0.37,0.17,2.37,1297.3,19459.0,4.837,72.555
26,한국 vs 베네수엘,1-2,2-2,0.45,1.04,1.46,209.3,14311.2,0.941,64.365
26,한국 vs 베네수엘,2-1,3-2,0.4,0.33,4.34,648.7,14945.8,2.626,60.497
26,한국 vs 베네수엘,3-0,4-0,0.6,1.01,2.37,213.9,9016.3,1.283,54.068
26,한국 vs 베네수엘,3-0,4-1,0.27,0.11,2.37,1945.9,19459.0,5.251,52.51
26,한국 vs 베네수엘,2-0,5-0,0.39,0.17,10.33,1297.3,12552.7,5.011,48.49
26,한국 vs 베네수엘,1-1,4-1,0.34,0.11,13.91,1945.9,13985.3,6.675,47.976
26,한국 vs 베네수엘,3-1,4-1,0.24,0.11,1.21,1945.9,19459.0,4.668,46.676
26,한국 vs 베네수엘,1-2,3-2,0.2,0.33,1.46,648.7,19459.0,1.313,39.383
26,한국 vs 베네수엘,4-0,5-0,0.19,0.17,0.45,1297.3,19459.0,2.523,37.849
26,한국 vs 베네수엘,1-2,2-3,0.2,0.8,1.46,270.3,18485.3,0.547,37.412
26,한국 vs 베네수엘,2-1,4-2,0.18,0.11,4.34,1945.9,19459.0,3.544,35.444
26,한국 vs 베네수엘,2-2,3-2,0.18,0.33,1.68,648.7,19459.0,1.167,35.007
26,한국 vs 베네수엘,2-0,5-1,0.17,0.06,10.33,3891.8,19459.0,6.765,33.826
26,한국 vs 베네수엘,3-0,5-1,0.17,0.06,2.37,3891.8,19459.0,6.53,32.65
26,한국 vs 베네수엘,2-1,5-1,0.15,0.06,4.34,3891.8,19459.0,6.014,30.068
26,한국 vs 베네수엘,1-0,4-1,0.32,0.11,21.6,1945.9,9007.0,6.3,29.162
26,한국 vs 베네수엘,3-1,5-1,0.15,0.06,1.21,3891.8,19459.0,5.804,29.022
26,한국 vs 베네수엘,1-2,1-3,0.22,1.24,1.46,175.4,11990.5,0.394,26.964
26,한국 vs 베네수엘,4-0,4-0,0.13,1.01,0.45,213.9,19459.0,0.285,25.931
26,한국 vs 베네수엘,3-1,3-1,0.27,1.85,1.21,117.3,9665.4,0.313,25.76
26,한국 vs 베네수엘,2-2,2-2,0.2,1.04,1.68,209.3,12470.2,0.418,24.927
26,한국 vs 베네수엘,2-1,3-1,0.9,1.85,4.34,117.3,2701.1,1.055,24.296
26,한국 vs 베네수엘,1-1,3-2,0.51,0.33,13.91,648.7,4661.8,3.338,23.988
26,한국 vs 베네수엘,3-1,3-2,0.12,0.33,1.21,648.7,19459.0,0.778,23.338
26,한국 vs 베네수엘,2-1,2-2,0.45,1.04,4.34,209.3,4821.2,0.941,21.684
26,한국 vs 베네수엘,1-1,4-2,0.15,0.11,13.91,1945.9,13985.3,3.004,21.589
26,한국 vs 베네수엘,3-0,3-0,0.67,2.83,2.37,76.7,3230.2,0.511,21.523
26,한국 vs 베네수엘,3-1,4-2,0.11,0.11,1.21,1945.9,19459.0,2.1,21.004
26,한국 vs 베네수엘,2-0,4-0,1.01,1.01,10.33,213.9,2069.1,2.165,20.938
26,한국 vs 베네수엘,2-0,4-2,0.1,0.11,10.33,1945.9,18829.1,1.994,19.292
26,한국 vs 베네수엘,0-2,0-3,0.28,1.14,2.78,190.8,6861.9,0.536,19.288
26,한국 vs 베네수엘,0-2,2-2,0.25,1.04,2.78,209.3,7525.9,0.529,19.039
26,한국 vs 베네수엘,0-2,0-2,0.62,2.65,2.78,81.8,2940.8,0.511,18.37
26,한국 vs 베네수엘,1-1,5-1,0.09,0.06,13.91,3891.8,19459.0,3.637,18.187
26,한국 vs 베네수엘,1-1,2-2,1.14,1.04,13.91,209.3,1503.8,2.393,17.196
26,한국 vs 베네수엘,4-0,5-1,0.09,0.06,0.45,3891.8,19459.0,3.406,17.032
26,한국 vs 베네수엘,2-0,3-0,2.25,2.83,10.33,76.7,741.3,1.725,16.67
26,한국 vs 베네수엘,0-3,0-3,0.08,1.14,0.37,190.8,19459.0,0.159,16.207
26,한국 vs 베네수엘,0-2,1-3,0.25,1.24,2.78,175.4,6305.5,0.444,15.952
26,한국 vs 베네수엘,1-0,5-1,0.09,0.06,21.6,3891.8,18013.9,3.433,15.89
26,한국 vs 베네수엘,2-2,4-2,0.08,0.11,1.68,1945.9,19459.0,1.575,15.753
26,한국 vs 베네수엘,4-1,5-1,0.08,0.06,0.16,3891.8,19459.0,3.028,15.14
26,한국 vs 베네수엘,3-0,3-1,0.3,1.85,2.37,117.3,4942.7,0.352,14.82
26,한국 vs 베네수엘,0-2,3-2,0.08,0.33,2.78,648.7,19459.0,0.492,14.768
26,한국 vs 베네수엘,0-3,1-3,0.07,1.24,0.37,175.4,19459.0,0.131,14.586
26,한국 vs 베네수엘,2-2,2-3,0.09,0.8,1.68,270.3,16107.4,0.243,14.489
26,한국 vs 베네수엘,2-0,3-2,0.23,0.33,10.33,648.7,6276.4,1.477,14.29
26,한국 vs 베네수엘,1-2,1-2,0.5,5.24,1.46,41.5,2831.8,0.207,14.151
26,한국 vs 베네수엘,2-1,5-2,0.07,0.06,4.34,3891.8,19459.0,2.706,13.53
26,한국 vs 베네수엘,3-0,3-2,0.07,0.33,2.37,648.7,19459.0,0.438,13.128
26,한국 vs 베네수엘,3-1,5-2,0.07,0.06,1.21,3891.8,19459.0,2.612,13.06
26,한국 vs 베네수엘,1-3,1-3,0.07,1.24,0.56,175.4,19459.0,0.117,12.965
26,한국 vs 베네수엘,0-2,0-4,0.06,0.0,2.78,19459.0,19459.0,12.307,12.307
26,한국 vs 베네수엘,1-2,4-2,0.06,0.11,1.46,1945.9,19459.0,1.181,11.815
26,한국 vs 베네수엘,3-0,4-2,0.06,0.11,2.37,1945.9,19459.0,1.181,11.815
26,한국 vs 베네수엘,1-0,5-0,0.2,0.17,21.6,1297.3,6004.6,2.543,11.771
26,한국 vs 베네수엘,5-0,5-0,0.06,0.17,0.08,1297.3,19459.0,0.783,11.738
26,한국 vs 베네수엘,1-3,2-3,0.06,0.8,0.56,270.3,19459.0,0.162,11.669
26,한국 vs 베네수엘,4-0,4-1,0.06,0.11,0.45,1945.9,19459.0,1.167,11.669
26,한국 vs 베네수엘,2-0,3-1,1.01,1.85,10.33,117.3,1134.3,1.187,11.478
26,한국 vs 베네수엘,0-2,1-4,0.06,0.0,2.78,19459.0,19459.0,11.076,11.076
26,한국 vs 베네수엘,0-2,2-3,0.11,0.8,2.78,270.3,9721.0,0.308,11.067
26,한국 vs 베네수엘,3-2,3-2,0.05,0.33,0.09,648.7,19459.0,0.346,10.372
26,한국 vs 베네수엘,4-1,4-1,0.05,0.11,0.16,1945.9,19459.0,1.037,10.372
26,한국 vs 베네수엘,0-1,4-1,0.08,0.11,14.99,1945.9,12978.7,1.489,9.929
26,한국 vs 베네수엘,1-2,1-4,0.05,0.0,1.46,19459.0,19459.0,9.846,9.846
26,한국 vs 베네수엘,1-2,3-3,0.09,1.39,1.46,155.7,10647.5,0.142,9.697
26,한국 vs 베네수엘,1-1,3-1,1.14,1.85,13.91,117.3,842.5,1.341,9.634
26,한국 vs 베네수엘,3-2,4-2,0.05,0.11,0.09,1945.9,19459.0,0.934,9.335
26,한국 vs 베네수엘,1-2,2-4,0.05,0.0,1.46,19459.0,19459.0,8.861,8.861
26,한국 vs 베네수엘,1-0,3-0,2.4,2.83,21.6,76.7,354.6,1.839,8.504
26,한국 vs 베네수엘,0-0,4-1,0.1,0.11,23.05,1945.9,8440.8,1.947,8.445
26,한국 vs 베네수엘,0-2,1-2,0.56,5.24,2.78,41.5,1489.2,0.233,8.372
26,한국 vs 베네수엘,1-1,1-4,0.04,0.0,13.91,19459.0,19459.0,8.344,8.344
26,한국 vs 베네수엘,0-1,0-4,0.04,0.0,14.99,19459.0,19459.0,8.27,8.27
26,한국 vs 베네수엘,1-1,5-2,0.04,0.06,13.91,3891.8,19459.0,1.637,8.184
26,한국 vs 베네수엘,2-1,4-3,0.04,0.01,4.34,19459.0,19459.0,7.975,7.975
26,한국 vs 베네수엘,2-0,5-2,0.04,0.06,10.33,3891.8,19459.0,1.522,7.611
26,한국 vs 베네수엘,2-2,3-3,0.08,1.39,1.68,155.7,9277.9,0.126,7.511
26,한국 vs 베네수엘,1-1,2-4,0.04,0.0,13.91,19459.0,19459.0,7.51,7.51
26,한국 vs 베네수엘,0-1,1-4,0.04,0.0,14.99,19459.0,19459.0,7.443,7.443
26,한국 vs 베네수엘,3-0,5-2,0.04,0.06,2.37,3891.8,19459.0,1.469,7.346
26,한국 vs 베네수엘,0-3,0-4,0.04,0.0,0.37,19459.0,19459.0,7.293,7.293
26,한국 vs 베네수엘,1-0,3-2,0.24,0.33,21.6,648.7,3002.3,1.575,7.29
26,한국 vs 베네수엘,1-0,4-0,0.72,1.01,21.6,213.9,989.8,1.539,7.121
26,한국 vs 베네수엘,0-1,2-2,0.51,1.04,14.99,209.3,1395.6,1.067,7.118
26,한국 vs 베네수엘,2-2,4-3,0.04,0.01,1.68,19459.0,19459.0,7.089,7.089
26,한국 vs 베네수엘,0-1,0-2,1.26,2.65,14.99,81.8,545.3,1.03,6.867
26,한국 vs 베네수엘,4-1,5-2,0.04,0.06,0.16,3891.8,19459.0,1.363,6.813
26,한국 vs 베네수엘,1-1,4-3,0.03,0.01,13.91,19459.0,19459.0,6.759,6.759
26,한국 vs 베네수엘,0-1,3-2,0.15,0.33,14.99,648.7,4326.2,0.993,6.619
26,한국 vs 베네수엘,0-3,1-4,0.03,0.0,0.37,19459.0,19459.0,6.564,6.564
26,한국 vs 베네수엘,0-3,2-3,0.03,0.8,0.37,270.3,19459.0,0.091,6.564
26,한국 vs 베네수엘,1-0,4-2,0.07,0.11,21.6,1945.9,9007.0,1.418,6.561
26,한국 vs 베네수엘,2-1,2-3,0.1,0.8,4.34,270.3,6227.4,0.274,6.302
26,한국 vs 베네수엘,2-2,5-2,0.03,0.06,1.68,3891.8,19459.0,1.203,6.014
26,한국 vs 베네수엘,1-0,3-1,1.08,1.85,21.6,117.3,542.6,1.266,5.856
26,한국 vs 베네수엘,1-3,1-4,0.03,0.0,0.56,19459.0,19459.0,5.834,5.834
26,한국 vs 베네수엘,3-2,5-2,0.03,0.06,0.09,3891.8,19459.0,1.161,5.804
26,한국 vs 베네수엘,2-1,2-1,1.0,9.11,4.34,23.9,548.8,0.239,5.485
26,한국 vs 베네수엘,1-2,4-3,0.03,0.01,1.46,19459.0,19459.0,5.317,5.317
26,한국 vs 베네수엘,5-0,5-1,0.03,0.06,0.08,3891.8,19459.0,1.056,5.282
26,한국 vs 베네수엘,1-3,2-4,0.03,0.0,0.56,19459.0,19459.0,5.251,5.251
26,한국 vs 베네수엘,1-3,3-3,0.03,1.39,0.56,155.7,19459.0,0.042,5.251
26,한국 vs 베네수엘,1-0,2-2,0.54,1.04,21.6,209.3,968.5,1.129,5.226
26,한국 vs 베네수엘,2-3,2-3,0.03,0.8,0.07,270.3,19459.0,0.072,5.186
26,한국 vs 베네수엘,0-0,0-0,8.13,14.82,23.05,14.7,63.5,1.196,5.162
26,한국 vs 베네수엘,2-0,2-2,0.25,1.04,10.33,209.3,2024.6,0.529,5.122
26,한국 vs 베네수엘,1-1,2-3,0.26,0.8,13.91,270.3,1942.4,0.695,4.998
26,한국 vs 베네수엘,0-2,2-4,0.03,0.0,2.78,19459.0,19459.0,4.984,4.984
26,한국 vs 베네수엘,0-1,0-1,2.8,8.23,14.99,26.4,175.9,0.739,4.921
26,한국 vs 베네수엘,3-1,4-3,0.02,0.01,1.21,19459.0,19459.0,4.726,4.726
26,한국 vs 베네수엘,5-1,5-1,0.02,0.06,0.1,3891.8,19459.0,0.939,4.695
26,한국 vs 베네수엘,2-3,3-3,0.02,1.39,0.07,155.7,19459.0,0.037,4.668
26,한국 vs 베네수엘,3-2,3-3,0.02,1.39,0.09,155.7,19459.0,0.037,4.668
26,한국 vs 베네수엘,4-1,4-2,0.02,0.11,0.16,1945.9,19459.0,0.467,4.668
26,한국 vs 베네수엘,0-1,4-2,0.03,0.11,14.99,1945.9,12978.7,0.67,4.468
26,한국 vs 베네수엘,1-1,2-1,2.54,9.11,13.91,23.9,171.2,0.607,4.35
26,한국 vs 베네수엘,3-2,4-3,0.02,0.01,0.09,19459.0,19459.0,4.201,4.201
26,한국 vs 베네수엘,0-0,0-1,3.66,8.23,23.05,26.4,114.4,0.966,4.186
26,한국 vs 베네수엘,1-2,3-4,0.02,0.0,1.46,19459.0,19459.0,3.987,3.987
26,한국 vs 베네수엘,2-2,2-4,0.02,0.0,1.68,19459.0,19459.0,3.938,3.938
26,한국 vs 베네수엘,0-0,1-0,7.32,17.51,23.05,12.4,53.7,0.908,3.933
26,한국 vs 베네수엘,4-0,5-2,0.02,0.06,0.45,3891.8,19459.0,0.766,3.832
26,한국 vs 베네수엘,1-1,1-2,1.27,5.24,13.91,41.5,297.6,0.527,3.781
26,한국 vs 베네수엘,0-1,0-3,0.28,1.14,14.99,190.8,1272.4,0.541,3.605
26,한국 vs 베네수엘,1-1,1-3,0.29,1.24,13.91,175.4,1259.9,0.501,3.602
26,한국 vs 베네수엘,1-0,5-2,0.02,0.06,21.6,3891.8,18013.9,0.772,3.575
26,한국 vs 베네수엘,0-0,5-1,0.02,0.06,23.05,3891.8,16881.5,0.821,3.562
26,한국 vs 베네수엘,2-2,3-4,0.02,0.0,1.68,19459.0,19459.0,3.544,3.544
26,한국 vs 베네수엘,3-1,3-3,0.03,1.39,1.21,155.7,12835.7,0.042,3.464
26,한국 vs 베네수엘,1-1,1-1,2.82,12.81,13.91,17.0,121.7,0.48,3.437
26,한국 vs 베네수엘,1-0,1-0,5.92,17.51,21.6,12.4,57.3,0.734,3.395
26,한국 vs 베네수엘,1-1,3-4,0.02,0.0,13.91,19459.0,19459.0,3.379,3.379
26,한국 vs 베네수엘,0-1,2-4,0.02,0.0,14.99,19459.0,19459.0,3.349,3.349
26,한국 vs 베네수엘,0-2,4-2,0.02,0.11,2.78,1945.9,19459.0,0.332,3.323
26,한국 vs 베네수엘,0-0,3-0,0.99,2.83,23.05,76.7,332.3,0.758,3.284
26,한국 vs 베네수엘,2-1,3-3,0.09,1.39,4.34,155.7,3587.0,0.142,3.267
26,한국 vs 베네수엘,1-2,5-2,0.02,0.06,1.46,3891.8,19459.0,0.644,3.219
26,한국 vs 베네수엘,0-1,5-1,0.02,0.06,14.99,3891.8,19459.0,0.628,3.14
26,한국 vs 베네수엘,0-1,1-2,1.13,5.24,14.99,41.5,276.1,0.47,3.13
26,한국 vs 베네수엘,1-0,2-0,5.33,17.49,21.6,12.5,57.4,0.666,3.059
26,한국 vs 베네수엘,2-1,5-3,0.02,0.0,4.34,19459.0,19459.0,3.044,3.044
26,한국 vs 베네수엘,4-2,5-2,0.02,0.06,0.0,3891.8,19459.0,0.606,3.028
26,한국 vs 베네수엘,0-0,2-2,0.33,1.04,23.05,209.3,907.6,0.698,3.027
26,한국 vs 베네수엘,2-0,2-0,2.5,17.49,10.33,12.5,120.0,0.312,2.999
26,한국 vs 베네수엘,2-0,4-3,0.02,0.01,10.33,19459.0,19459.0,2.991,2.991
26,한국 vs 베네수엘,0-1,1-3,0.26,1.24,14.99,175.4,1169.2,0.447,2.982
26,한국 vs 베네수엘,0-3,2-4,0.02,0.0,0.37,19459.0,19459.0,2.954,2.954
26,한국 vs 베네수엘,2-1,2-4,0.02,0.0,4.34,19459.0,19459.0,2.954,2.954
26,한국 vs 베네수엘,3-1,5-3,0.02,0.0,1.21,19459.0,19459.0,2.938,2.938
26,한국 vs 베네수엘,0-0,0-2,0.82,2.65,23.05,81.8,354.7,0.674,2.92
26,한국 vs 베네수엘,0-1,1-1,2.52,12.81,14.99,17.0,113.0,0.428,2.845
26,한국 vs 베네수엘,0-0,3-2,0.1,0.33,23.05,648.7,2813.6,0.649,2.815
26,한국 vs 베네수엘,2-2,5-3,0.01,0.0,1.68,19459.0,19459.0,2.706,2.706
26,한국 vs 베네수엘,0-0,0-4,0.01,0.0,23.05,19459.0,19459.0,2.704,2.704
26,한국 vs 베네수엘,0-1,3-1,0.34,1.85,14.99,117.3,781.8,0.399,2.658
26,한국 vs 베네수엘,2-1,3-4,0.01,0.0,4.34,19459.0,19459.0,2.658,2.658
26,한국 vs 베네수엘,1-0,2-1,2.4,9.11,21.6,23.9,110.2,0.573,2.644
26,한국 vs 베네수엘,0-0,5-0,0.05,0.17,23.05,1297.3,5627.2,0.608,2.639
26,한국 vs 베네수엘,4-0,4-2,0.01,0.11,0.45,1945.9,19459.0,0.263,2.626
26,한국 vs 베네수엘,3-2,5-3,0.01,0.0,0.09,19459.0,19459.0,2.612,2.612
26,한국 vs 베네수엘,2-0,2-1,1.12,9.11,10.33,23.9,230.5,0.269,2.591
26,한국 vs 베네수엘,0-0,1-4,0.01,0.0,23.05,19459.0,19459.0,2.434,2.434
26,한국 vs 베네수엘,0-0,1-1,3.29,12.81,23.05,17.0,73.5,0.56,2.42
26,한국 vs 베네수엘,1-3,3-4,0.01,0.0,0.56,19459.0,19459.0,2.363,2.363
26,한국 vs 베네수엘,2-3,2-4,0.01,0.0,0.07,19459.0,19459.0,2.334,2.334
26,한국 vs 베네수엘,0-0,3-1,0.44,1.85,23.05,117.3,508.5,0.522,2.261
26,한국 vs 베네수엘,1-0,4-3,0.01,0.01,21.6,19459.0,19459.0,2.126,2.126
26,한국 vs 베네수엘,5-1,5-2,0.01,0.06,0.1,3891.8,19459.0,0.423,2.113
26,한국 vs 베네수엘,2-3,3-4,0.01,0.0,0.07,19459.0,19459.0,2.1,2.1
26,한국 vs 베네수엘,2-3,4-3,0.01,0.01,0.07,19459.0,19459.0,2.1,2.1
26,한국 vs 베네수엘,1-0,1-1,2.66,12.81,21.6,17.0,78.4,0.453,2.089
26,한국 vs 베네수엘,0-2,0-5,0.01,0.0,2.78,19459.0,19459.0,2.074,2.074
26,한국 vs 베네수엘,4-2,4-2,0.01,0.11,0.0,1945.9,19459.0,0.207,2.074
26,한국 vs 베네수엘,0-1,2-3,0.11,0.8,14.99,270.3,1802.6,0.31,2.069
26,한국 vs 베네수엘,0-0,4-0,0.22,1.01,23.05,213.9,927.6,0.476,2.062
26,한국 vs 베네수엘,0-3,3-3,0.01,1.39,0.37,155.7,19459.0,0.016,1.969
26,한국 vs 베네수엘,1-0,1-4,0.01,0.0,21.6,19459.0,19459.0,1.969,1.969
26,한국 vs 베네수엘,0-3,0-5,0.01,0.0,0.37,19459.0,19459.0,1.917,1.917
26,한국 vs 베네수엘,0-2,3-3,0.03,1.39,2.78,155.7,5599.3,0.053,1.912
26,한국 vs 베네수엘,0-0,4-2,0.02,0.11,23.05,1945.9,8440.8,0.438,1.9
26,한국 vs 베네수엘,0-2,1-5,0.01,0.0,2.78,19459.0,19459.0,1.867,1.867
26,한국 vs 베네수엘,1-1,5-3,0.01,0.0,13.91,19459.0,19459.0,1.841,1.841
26,한국 vs 베네수엘,0-1,2-1,1.13,9.11,14.99,23.9,158.9,0.271,1.8
26,한국 vs 베네수엘,0-0,2-0,3.29,17.49,23.05,12.5,53.8,0.412,1.772
26,한국 vs 베네수엘,1-0,2-4,0.01,0.0,21.6,19459.0,19459.0,1.772,1.772
26,한국 vs 베네수엘,3-0,4-3,0.01,0.01,2.37,19459.0,19459.0,1.772,1.772
26,한국 vs 베네수엘,0-3,1-5,0.01,0.0,0.37,19459.0,19459.0,1.726,1.726
26,한국 vs 베네수엘,1-2,1-5,0.01,0.0,1.46,19459.0,19459.0,1.659,1.659
26,한국 vs 베네수엘,0-4,0-4,0.01,0.0,0.04,19459.0,19459.0,1.621,1.621
26,한국 vs 베네수엘,2-2,4-4,0.01,0.0,1.68,19459.0,19459.0,1.595,1.595
26,한국 vs 베네수엘,1-3,4-3,0.01,0.01,0.56,19459.0,19459.0,1.575,1.575
26,한국 vs 베네수엘,1-3,1-5,0.01,0.0,0.56,19459.0,19459.0,1.534,1.534
26,한국 vs 베네수엘,4-1,5-3,0.01,0.0,0.16,19459.0,19459.0,1.533,1.533
26,한국 vs 베네수엘,0-0,2-1,1.48,9.11,23.05,23.9,103.3,0.354,1.531
26,한국 vs 베네수엘,0-1,4-3,0.01,0.01,14.99,19459.0,19459.0,1.507,1.507
26,한국 vs 베네수엘,0-2,3-4,0.01,0.0,2.78,19459.0,19459.0,1.495,1.495
26,한국 vs 베네수엘,0-2,4-3,0.01,0.01,2.78,19459.0,19459.0,1.495,1.495
26,한국 vs 베네수엘,1-2,2-5,0.01,0.0,1.46,19459.0,19459.0,1.493,1.493
26,한국 vs 베네수엘,0-4,1-4,0.01,0.0,0.04,19459.0,19459.0,1.459,1.459
26,한국 vs 베네수엘,1-2,5-3,0.01,0.0,1.46,19459.0,19459.0,1.449,1.449
26,한국 vs 베네수엘,0-1,5-2,0.01,0.06,14.99,3891.8,19459.0,0.283,1.413
26,한국 vs 베네수엘,3-3,3-3,0.01,1.39,0.0,155.7,19459.0,0.011,1.383
26,한국 vs 베네수엘,1-3,2-5,0.01,0.0,0.56,19459.0,19459.0,1.381,1.381
26,한국 vs 베네수엘,4-2,5-3,0.01,0.0,0.0,19459.0,19459.0,1.363,1.363
26,한국 vs 베네수엘,0-0,1-2,0.74,5.24,23.05,41.5,179.6,0.308,1.331
26,한국 vs 베네수엘,1-4,1-4,0.01,0.0,0.17,19459.0,19459.0,1.297,1.297
26,한국 vs 베네수엘,1-1,3-3,0.12,1.39,13.91,155.7,1118.8,0.18,1.295
26,한국 vs 베네수엘,3-3,4-3,0.01,0.01,0.0,19459.0,19459.0,1.245,1.245
26,한국 vs 베네수엘,1-2,4-4,0.01,0.0,1.46,19459.0,19459.0,1.196,1.196
26,한국 vs 베네수엘,2-1,4-4,0.01,0.0,4.34,19459.0,19459.0,1.196,1.196
26,한국 vs 베네수엘,5-0,5-2,0.01,0.06,0.08,3891.8,19459.0,0.238,1.188
26,한국 vs 베네수엘,1-4,2-4,0.01,0.0,0.17,19459.0,19459.0,1.167,1.167
26,한국 vs 베네수엘,1-0,1-2,0.6,5.24,21.6,41.5,191.6,0.249,1.149
26,한국 vs 베네수엘,2-0,5-3,0.01,0.0,10.33,19459.0,19459.0,1.142,1.142
26,한국 vs 베네수엘,3-0,5-3,0.01,0.0,2.37,19459.0,19459.0,1.102,1.102
26,한국 vs 베네수엘,0-0,2-4,0.01,0.0,23.05,19459.0,19459.0,1.095,1.095
26,한국 vs 베네수엘,3-2,3-4,0.01,0.0,0.09,19459.0,19459.0,1.05,1.05
26,한국 vs 베네수엘,4-1,4-3,0.01,0.01,0.16,19459.0,19459.0,1.05,1.05
26,한국 vs 베네수엘,1-1,1-5,0.01,0.0,13.91,19459.0,19459.0,1.03,1.03
26,한국 vs 베네수엘,0-0,0-3,0.12,1.14,23.05,190.8,827.5,0.236,1.022
26,한국 vs 베네수엘,0-1,0-5,0.01,0.0,14.99,19459.0,19459.0,1.021,1.021
26,한국 vs 베네수엘,1-1,4-4,0.01,0.0,13.91,19459.0,19459.0,1.014,1.014
26,한국 vs 베네수엘,1-0,2-3,0.08,0.8,21.6,270.3,1251.0,0.219,1.013
26,한국 vs 베네수엘,0-1,3-4,0.01,0.0,14.99,19459.0,19459.0,1.005,1.005
26,한국 vs 베네수엘,2-0,2-3,0.04,0.8,10.33,270.3,2615.1,0.103,0.992
26,한국 vs 베네수엘,2-3,4-4,0.0,0.0,0.07,19459.0,19459.0,0.945,0.945
26,한국 vs 베네수엘,3-2,4-4,0.0,0.0,0.09,19459.0,19459.0,0.945,0.945
26,한국 vs 베네수엘,5-2,5-2,0.0,0.06,0.08,3891.8,19459.0,0.188,0.939
26,한국 vs 베네수엘,4-2,4-3,0.0,0.01,0.0,19459.0,19459.0,0.934,0.934
26,한국 vs 베네수엘,1-1,2-5,0.0,0.0,13.91,19459.0,19459.0,0.927,0.927
26,한국 vs 베네수엘,0-4,0-5,0.0,0.0,0.04,19459.0,19459.0,0.921,0.921
26,한국 vs 베네수엘,0-1,1-5,0.0,0.0,14.99,19459.0,19459.0,0.919,0.919
26,한국 vs 베네수엘,0-3,3-4,0.0,0.0,0.37,19459.0,19459.0,0.886,0.886
26,한국 vs 베네수엘,0-0,1-3,0.11,1.24,23.05,175.4,760.4,0.195,0.845
26,한국 vs 베네수엘,0-2,2-5,0.0,0.0,2.78,19459.0,19459.0,0.84,0.84
26,한국 vs 베네수엘,2-0,2-4,0.0,0.0,10.33,19459.0,19459.0,0.831,0.831
26,한국 vs 베네수엘,0-4,1-5,0.0,0.0,0.04,19459.0,19459.0,0.829,0.829
26,한국 vs 베네수엘,2-3,5-3,0.0,0.0,0.07,19459.0,19459.0,0.802,0.802
26,한국 vs 베네수엘,0-0,5-2,0.0,0.06,23.05,3891.8,16881.5,0.185,0.801
26,한국 vs 베네수엘,1-0,3-4,0.0,0.0,21.6,19459.0,19459.0,0.797,0.797
26,한국 vs 베네수엘,3-1,3-4,0.0,0.0,1.21,19459.0,19459.0,0.788,0.788
26,한국 vs 베네수엘,0-3,2-5,0.0,0.0,0.37,19459.0,19459.0,0.777,0.777
26,한국 vs 베네수엘,3-3,5-3,0.0,0.0,0.0,19459.0,19459.0,0.774,0.774
26,한국 vs 베네수엘,2-0,3-4,0.0,0.0,10.33,19459.0,19459.0,0.748,0.748
26,한국 vs 베네수엘,1-4,1-5,0.0,0.0,0.17,19459.0,19459.0,0.737,0.737
26,한국 vs 베네수엘,1-0,1-3,0.09,1.24,21.6,175.4,811.4,0.158,0.73
26,한국 vs 베네수엘,1-3,4-4,0.0,0.0,0.56,19459.0,19459.0,0.709,0.709
26,한국 vs 베네수엘,3-1,4-4,0.0,0.0,1.21,19459.0,19459.0,0.709,0.709
26,한국 vs 베네수엘,0-2,5-2,0.0,0.06,2.78,3891.8,19459.0,0.14,0.701
26,한국 vs 베네수엘,1-2,3-5,0.0,0.0,1.46,19459.0,19459.0,0.672,0.672
26,한국 vs 베네수엘,2-2,2-5,0.0,0.0,1.68,19459.0,19459.0,0.664,0.664
26,한국 vs 베네수엘,3-0,3-3,0.01,1.39,2.37,155.7,6563.9,0.016,0.664
26,한국 vs 베네수엘,1-4,2-5,0.0,0.0,0.17,19459.0,19459.0,0.663,0.663
26,한국 vs 베네수엘,0-0,4-3,0.0,0.01,23.05,19459.0,19459.0,0.657,0.657
26,한국 vs 베네수엘,0-4,2-4,0.0,0.0,0.04,19459.0,19459.0,0.656,0.656
26,한국 vs 베네수엘,3-3,3-4,0.0,0.0,0.0,19459.0,19459.0,0.622,0.622
26,한국 vs 베네수엘,1-3,3-5,0.0,0.0,0.56,19459.0,19459.0,0.621,0.621
26,한국 vs 베네수엘,2-3,2-5,0.0,0.0,0.07,19459.0,19459.0,0.614,0.614
26,한국 vs 베네수엘,2-2,5-4,0.0,0.0,1.68,19459.0,19459.0,0.609,0.609
26,한국 vs 베네수엘,2-2,3-5,0.0,0.0,1.68,19459.0,19459.0,0.597,0.597
26,한국 vs 베네수엘,3-2,5-4,0.0,0.0,0.09,19459.0,19459.0,0.588,0.588
26,한국 vs 베네수엘,0-0,2-3,0.05,0.8,23.05,270.3,1172.3,0.135,0.586
26,한국 vs 베네수엘,1-0,5-3,0.0,0.0,21.6,19459.0,19459.0,0.579,0.579
26,한국 vs 베네수엘,4-0,5-3,0.0,0.0,0.45,19459.0,19459.0,0.575,0.575
26,한국 vs 베네수엘,3-3,4-4,0.0,0.0,0.0,19459.0,19459.0,0.56,0.56
26,한국 vs 베네수엘,2-3,3-5,0.0,0.0,0.07,19459.0,19459.0,0.552,0.552
26,한국 vs 베네수엘,1-4,3-4,0.0,0.0,0.17,19459.0,19459.0,0.525,0.525
26,한국 vs 베네수엘,2-4,2-4,0.0,0.0,0.0,19459.0,19459.0,0.519,0.519
26,한국 vs 베네수엘,2-0,3-3,0.03,1.39,10.33,155.7,1506.3,0.053,0.514
26,한국 vs 베네수엘,5-1,5-3,0.0,0.0,0.1,19459.0,19459.0,0.475,0.475
26,한국 vs 베네수엘,2-4,3-4,0.0,0.0,0.0,19459.0,19459.0,0.467,0.467
26,한국 vs 베네수엘,2-1,5-4,0.0,0.0,4.34,19459.0,19459.0,0.457,0.457
26,한국 vs 베네수엘,0-3,4-3,0.0,0.01,0.37,19459.0,19459.0,0.443,0.443
26,한국 vs 베네수엘,3-1,5-4,0.0,0.0,1.21,19459.0,19459.0,0.441,0.441
26,한국 vs 베네수엘,1-3,5-3,0.0,0.0,0.56,19459.0,19459.0,0.429,0.429
26,한국 vs 베네수엘,5-2,5-3,0.0,0.0,0.08,19459.0,19459.0,0.422,0.422
26,한국 vs 베네수엘,1-1,3-5,0.0,0.0,13.91,19459.0,19459.0,0.417,0.417
26,한국 vs 베네수엘,0-1,2-5,0.0,0.0,14.99,19459.0,19459.0,0.413,0.413
26,한국 vs 베네수엘,4-3,5-3,0.0,0.0,0.0,19459.0,19459.0,0.404,0.404
26,한국 vs 베네수엘,4-0,4-3,0.0,0.01,0.45,19459.0,19459.0,0.394,0.394
26,한국 vs 베네수엘,0-4,2-5,0.0,0.0,0.04,19459.0,19459.0,0.373,0.373
26,한국 vs 베네수엘,2-1,2-5,0.0,0.0,4.34,19459.0,19459.0,0.365,0.365
26,한국 vs 베네수엘,2-3,5-4,0.0,0.0,0.07,19459.0,19459.0,0.361,0.361
26,한국 vs 베네수엘,0-1,3-3,0.03,1.39,14.99,155.7,1038.3,0.054,0.357
26,한국 vs 베네수엘,3-3,5-4,0.0,0.0,0.0,19459.0,19459.0,0.348,0.348
26,한국 vs 베네수엘,0-2,4-4,0.0,0.0,2.78,19459.0,19459.0,0.336,0.336
26,한국 vs 베네수엘,2-0,4-4,0.0,0.0,10.33,19459.0,19459.0,0.336,0.336
26,한국 vs 베네수엘,0-0,3-4,0.0,0.0,23.05,19459.0,19459.0,0.329,0.329
26,한국 vs 베네수엘,2-1,3-5,0.0,0.0,4.34,19459.0,19459.0,0.328,0.328
26,한국 vs 베네수엘,1-2,5-4,0.0,0.0,1.46,19459.0,19459.0,0.326,0.326
26,한국 vs 베네수엘,0-1,5-3,0.0,0.0,14.99,19459.0,19459.0,0.318,0.318
26,한국 vs 베네수엘,0-2,5-3,0.0,0.0,2.78,19459.0,19459.0,0.315,0.315
26,한국 vs 베네수엘,4-2,5-4,0.0,0.0,0.0,19459.0,19459.0,0.307,0.307
26,한국 vs 베네수엘,1-4,3-5,0.0,0.0,0.17,19459.0,19459.0,0.298,0.298
26,한국 vs 베네수엘,2-4,2-5,0.0,0.0,0.0,19459.0,19459.0,0.295,0.295
26,한국 vs 베네수엘,4-3,4-3,0.0,0.01,0.0,19459.0,19459.0,0.277,0.277
26,한국 vs 베네수엘,1-1,5-4,0.0,0.0,13.91,19459.0,19459.0,0.276,0.276
26,한국 vs 베네수엘,2-2,4-5,0.0,0.0,1.68,19459.0,19459.0,0.269,0.269
26,한국 vs 베네수엘,2-4,3-5,0.0,0.0,0.0,19459.0,19459.0,0.265,0.265
26,한국 vs 베네수엘,0-0,0-5,0.0,0.0,23.05,19459.0,19459.0,0.263,0.263
26,한국 vs 베네수엘,1-0,3-3,0.04,1.39,21.6,155.7,720.6,0.057,0.262
26,한국 vs 베네수엘,0-2,3-5,0.0,0.0,2.78,19459.0,19459.0,0.252,0.252
26,한국 vs 베네수엘,2-3,4-5,0.0,0.0,0.07,19459.0,19459.0,0.249,0.249
26,한국 vs 베네수엘,1-0,4-4,0.0,0.0,21.6,19459.0,19459.0,0.239,0.239
26,한국 vs 베네수엘,0-0,1-5,0.0,0.0,23.05,19459.0,19459.0,0.237,0.237
26,한국 vs 베네수엘,0-3,3-5,0.0,0.0,0.37,19459.0,19459.0,0.233,0.233
26,한국 vs 베네수엘,4-1,5-4,0.0,0.0,0.16,19459.0,19459.0,0.23,0.23
26,한국 vs 베네수엘,0-1,4-4,0.0,0.0,14.99,19459.0,19459.0,0.226,0.226
26,한국 vs 베네수엘,3-0,3-4,0.0,0.0,2.37,19459.0,19459.0,0.222,0.222
26,한국 vs 베네수엘,0-5,0-5,0.0,0.0,0.02,19459.0,19459.0,0.218,0.218
26,한국 vs 베네수엘,2-4,4-4,0.0,0.0,0.0,19459.0,19459.0,0.21,0.21
26,한국 vs 베네수엘,4-2,4-4,0.0,0.0,0.0,19459.0,19459.0,0.21,0.21
26,한국 vs 베네수엘,1-2,4-5,0.0,0.0,1.46,19459.0,19459.0,0.202,0.202
26,한국 vs 베네수엘,0-3,4-4,0.0,0.0,0.37,19459.0,19459.0,0.199,0.199
26,한국 vs 베네수엘,3-0,4-4,0.0,0.0,2.37,19459.0,19459.0,0.199,0.199
26,한국 vs 베네수엘,0-4,3-4,0.0,0.0,0.04,19459.0,19459.0,0.197,0.197
26,한국 vs 베네수엘,0-5,1-5,0.0,0.0,0.02,19459.0,19459.0,0.196,0.196
26,한국 vs 베네수엘,1-3,5-4,0.0,0.0,0.56,19459.0,19459.0,0.193,0.193
26,한국 vs 베네수엘,1-0,1-5,0.0,0.0,21.6,19459.0,19459.0,0.191,0.191
26,한국 vs 베네수엘,1-3,4-5,0.0,0.0,0.56,19459.0,19459.0,0.186,0.186
26,한국 vs 베네수엘,4-3,5-4,0.0,0.0,0.0,19459.0,19459.0,0.182,0.182
26,한국 vs 베네수엘,5-0,5-3,0.0,0.0,0.08,19459.0,19459.0,0.178,0.178
26,한국 vs 베네수엘,3-2,3-5,0.0,0.0,0.09,19459.0,19459.0,0.177,0.177
26,한국 vs 베네수엘,1-5,1-5,0.0,0.0,0.01,19459.0,19459.0,0.174,0.174
26,한국 vs 베네수엘,1-0,2-5,0.0,0.0,21.6,19459.0,19459.0,0.172,0.172
26,한국 vs 베네수엘,3-3,3-5,0.0,0.0,0.0,19459.0,19459.0,0.164,0.164
26,한국 vs 베네수엘,3-2,4-5,0.0,0.0,0.09,19459.0,19459.0,0.159,0.159
26,한국 vs 베네수엘,1-4,4-4,0.0,0.0,0.17,19459.0,19459.0,0.158,0.158
26,한국 vs 베네수엘,4-1,4-4,0.0,0.0,0.16,19459.0,19459.0,0.158,0.158
26,한국 vs 베네수엘,1-5,2-5,0.0,0.0,0.01,19459.0,19459.0,0.157,0.157
26,한국 vs 베네수엘,2-1,4-5,0.0,0.0,4.34,19459.0,19459.0,0.148,0.148
26,한국 vs 베네수엘,3-3,4-5,0.0,0.0,0.0,19459.0,19459.0,0.147,0.147
26,한국 vs 베네수엘,0-0,5-3,0.0,0.0,23.05,19459.0,19459.0,0.139,0.139
26,한국 vs 베네수엘,3-4,3-4,0.0,0.0,0.0,19459.0,19459.0,0.138,0.138
26,한국 vs 베네수엘,2-0,5-4,0.0,0.0,10.33,19459.0,19459.0,0.128,0.128
26,한국 vs 베네수엘,1-1,4-5,0.0,0.0,13.91,19459.0,19459.0,0.125,0.125
26,한국 vs 베네수엘,5-3,5-3,0.0,0.0,0.0,19459.0,19459.0,0.125,0.125
26,한국 vs 베네수엘,0-1,3-5,0.0,0.0,14.99,19459.0,19459.0,0.124,0.124
26,한국 vs 베네수엘,3-0,5-4,0.0,0.0,2.37,19459.0,19459.0,0.124,0.124
26,한국 vs 베네수엘,3-4,4-4,0.0,0.0,0.0,19459.0,19459.0,0.124,0.124
26,한국 vs 베네수엘,4-3,4-4,0.0,0.0,0.0,19459.0,19459.0,0.124,0.124
26,한국 vs 베네수엘,2-4,4-5,0.0,0.0,0.0,19459.0,19459.0,0.119,0.119
26,한국 vs 베네수엘,0-4,3-5,0.0,0.0,0.04,19459.0,19459.0,0.112,0.112
26,한국 vs 베네수엘,0-0,2-5,0.0,0.0,23.05,19459.0,19459.0,0.106,0.106
26,한국 vs 베네수엘,2-2,5-5,0.0,0.0,1.68,19459.0,19459.0,0.103,0.103
26,한국 vs 베네수엘,0-0,3-3,0.02,1.39,23.05,155.7,675.3,0.023,0.101
26,한국 vs 베네수엘,3-2,5-5,0.0,0.0,0.09,19459.0,19459.0,0.099,0.099
26,한국 vs 베네수엘,3-1,3-5,0.0,0.0,1.21,19459.0,19459.0,0.097,0.097
26,한국 vs 베네수엘,2-3,5-5,0.0,0.0,0.07,19459.0,19459.0,0.095,0.095
26,한국 vs 베네수엘,5-2,5-4,0.0,0.0,0.08,19459.0,19459.0,0.095,0.095
26,한국 vs 베네수엘,0-3,5-3,0.0,0.0,0.37,19459.0,19459.0,0.093,0.093
26,한국 vs 베네수엘,3-3,5-5,0.0,0.0,0.0,19459.0,19459.0,0.092,0.092
26,한국 vs 베네수엘,1-4,4-5,0.0,0.0,0.17,19459.0,19459.0,0.09,0.09
26,한국 vs 베네수엘,0-5,2-5,0.0,0.0,0.02,19459.0,19459.0,0.088,0.088
26,한국 vs 베네수엘,3-1,4-5,0.0,0.0,1.21,19459.0,19459.0,0.088,0.088
26,한국 vs 베네수엘,2-0,2-5,0.0,0.0,10.33,19459.0,19459.0,0.081,0.081
26,한국 vs 베네수엘,2-4,5-4,0.0,0.0,0.0,19459.0,19459.0,0.08,0.08
26,한국 vs 베네수엘,3-4,3-5,0.0,0.0,0.0,19459.0,19459.0,0.079,0.079
26,한국 vs 베네수엘,1-0,3-5,0.0,0.0,21.6,19459.0,19459.0,0.078,0.078
26,한국 vs 베네수엘,3-4,5-4,0.0,0.0,0.0,19459.0,19459.0,0.077,0.077
26,한국 vs 베네수엘,0-0,4-4,0.0,0.0,23.05,19459.0,19459.0,0.074,0.074
26,한국 vs 베네수엘,2-0,3-5,0.0,0.0,10.33,19459.0,19459.0,0.073,0.073
26,한국 vs 베네수엘,0-2,5-4,0.0,0.0,2.78,19459.0,19459.0,0.071,0.071
26,한국 vs 베네수엘,3-4,4-5,0.0,0.0,0.0,19459.0,19459.0,0.071,0.071
26,한국 vs 베네수엘,5-1,5-4,0.0,0.0,0.1,19459.0,19459.0,0.071,0.071
26,한국 vs 베네수엘,1-5,3-5,0.0,0.0,0.01,19459.0,19459.0,0.07,0.07
26,한국 vs 베네수엘,2-5,2-5,0.0,0.0,0.01,19459.0,19459.0,0.07,0.07
26,한국 vs 베네수엘,1-0,5-4,0.0,0.0,21.6,19459.0,19459.0,0.065,0.065
26,한국 vs 베네수엘,4-0,5-4,0.0,0.0,0.45,19459.0,19459.0,0.065,0.065
26,한국 vs 베네수엘,2-5,3-5,0.0,0.0,0.01,19459.0,19459.0,0.063,0.063
26,한국 vs 베네수엘,0-2,4-5,0.0,0.0,2.78,19459.0,19459.0,0.057,0.057
26,한국 vs 베네수엘,2-1,5-5,0.0,0.0,4.34,19459.0,19459.0,0.056,0.056
26,한국 vs 베네수엘,5-3,5-4,0.0,0.0,0.0,19459.0,19459.0,0.056,0.056
26,한국 vs 베네수엘,1-2,5-5,0.0,0.0,1.46,19459.0,19459.0,0.055,0.055
26,한국 vs 베네수엘,3-1,5-5,0.0,0.0,1.21,19459.0,19459.0,0.054,0.054
26,한국 vs 베네수엘,0-3,4-5,0.0,0.0,0.37,19459.0,19459.0,0.052,0.052
26,한국 vs 베네수엘,4-2,5-5,0.0,0.0,0.0,19459.0,19459.0,0.052,0.052
26,한국 vs 베네수엘,1-3,5-5,0.0,0.0,0.56,19459.0,19459.0,0.051,0.051
26,한국 vs 베네수엘,0-1,5-4,0.0,0.0,14.99,19459.0,19459.0,0.048,0.048
26,한국 vs 베네수엘,4-3,5-5,0.0,0.0,0.0,19459.0,19459.0,0.048,0.048
26,한국 vs 베네수엘,2-4,5-5,0.0,0.0,0.0,19459.0,19459.0,0.046,0.046
26,한국 vs 베네수엘,0-4,4-4,0.0,0.0,0.04,19459.0,19459.0,0.044,0.044
26,한국 vs 베네수엘,3-4,5-5,0.0,0.0,0.0,19459.0,19459.0,0.044,0.044
26,한국 vs 베네수엘,4-0,4-4,0.0,0.0,0.45,19459.0,19459.0,0.044,0.044
26,한국 vs 베네수엘,1-4,5-4,0.0,0.0,0.17,19459.0,19459.0,0.043,0.043
26,한국 vs 베네수엘,0-3,5-4,0.0,0.0,0.37,19459.0,19459.0,0.042,0.042
26,한국 vs 베네수엘,4-4,5-4,0.0,0.0,0.0,19459.0,19459.0,0.04,0.04
26,한국 vs 베네수엘,4-2,4-5,0.0,0.0,0.0,19459.0,19459.0,0.035,0.035
26,한국 vs 베네수엘,1-1,5-5,0.0,0.0,13.91,19459.0,19459.0,0.034,0.034
26,한국 vs 베네수엘,2-0,4-5,0.0,0.0,10.33,19459.0,19459.0,0.033,0.033
26,한국 vs 베네수엘,4-3,4-5,0.0,0.0,0.0,19459.0,19459.0,0.033,0.033
26,한국 vs 베네수엘,0-0,3-5,0.0,0.0,23.05,19459.0,19459.0,0.032,0.032
26,한국 vs 베네수엘,0-1,4-5,0.0,0.0,14.99,19459.0,19459.0,0.028,0.028
26,한국 vs 베네수엘,2-5,4-5,0.0,0.0,0.01,19459.0,19459.0,0.028,0.028
26,한국 vs 베네수엘,4-1,5-5,0.0,0.0,0.16,19459.0,19459.0,0.028,0.028
26,한국 vs 베네수엘,4-4,4-4,0.0,0.0,0.0,19459.0,19459.0,0.028,0.028
26,한국 vs 베네수엘,0-5,3-5,0.0,0.0,0.02,19459.0,19459.0,0.026,0.026
26,한국 vs 베네수엘,0-4,4-5,0.0,0.0,0.04,19459.0,19459.0,0.025,0.025
26,한국 vs 베네수엘,1-4,5-5,0.0,0.0,0.17,19459.0,19459.0,0.024,0.024
26,한국 vs 베네수엘,1-0,4-5,0.0,0.0,21.6,19459.0,19459.0,0.023,0.023
26,한국 vs 베네수엘,4-4,5-5,0.0,0.0,0.0,19459.0,19459.0,0.023,0.023
26,한국 vs 베네수엘,3-0,3-5,0.0,0.0,2.37,19459.0,19459.0,0.022,0.022
26,한국 vs 베네수엘,1-5,4-5,0.0,0.0,0.01,19459.0,19459.0,0.021,0.021
26,한국 vs 베네수엘,5-0,5-4,0.0,0.0,0.08,19459.0,19459.0,0.02,0.02
26,한국 vs 베네수엘,3-0,4-5,0.0,0.0,2.37,19459.0,19459.0,0.019,0.019
26,한국 vs 베네수엘,3-5,3-5,0.0,0.0,0.01,19459.0,19459.0,0.019,0.019
26,한국 vs 베네수엘,4-1,4-5,0.0,0.0,0.16,19459.0,19459.0,0.019,0.019
26,한국 vs 베네수엘,3-5,4-5,0.0,0.0,0.01,19459.0,19459.0,0.017,0.017
26,한국 vs 베네수엘,0-0,5-4,0.0,0.0,23.05,19459.0,19459.0,0.016,0.016
26,한국 vs 베네수엘,4-4,4-5,0.0,0.0,0.0,19459.0,19459.0,0.016,0.016
26,한국 vs 베네수엘,5-2,5-5,0.0,0.0,0.08,19459.0,19459.0,0.016,0.016
26,한국 vs 베네수엘,5-3,5-5,0.0,0.0,0.0,19459.0,19459.0,0.015,0.015
26,한국 vs 베네수엘,0-2,5-5,0.0,0.0,2.78,19459.0,19459.0,0.012,0.012
26,한국 vs 베네수엘,2-0,5-5,0.0,0.0,10.33,19459.0,19459.0,0.012,0.012
26,한국 vs 베네수엘,3-0,5-5,0.0,0.0,2.37,19459.0,19459.0,0.012,0.012
26,한국 vs 베네수엘,5-4,5-4,0.0,0.0,0.0,19459.0,19459.0,0.012,0.012
26,한국 vs 베네수엘,0-3,5-5,0.0,0.0,0.37,19459.0,19459.0,0.011,0.011
26,한국 vs 베네수엘,2-5,5-5,0.0,0.0,0.01,19459.0,19459.0,0.011,0.011
26,한국 vs 베네수엘,3-5,5-5,0.0,0.0,0.01,19459.0,19459.0,0.01,0.01
26,한국 vs 베네수엘,0-4,5-4,0.0,0.0,0.04,19459.0,19459.0,0.009,0.009
26,한국 vs 베네수엘,5-1,5-5,0.0,0.0,0.1,19459.0,19459.0,0.009,0.009
26,한국 vs 베네수엘,0-0,4-5,0.0,0.0,23.05,19459.0,19459.0,0.007,0.007
26,한국 vs 베네수엘,5-4,5-5,0.0,0.0,0.0,19459.0,19459.0,0.007,0.007
26,한국 vs 베네수엘,0-1,5-5,0.0,0.0,14.99,19459.0,19459.0,0.006,0.006
26,한국 vs 베네수엘,0-5,4-5,0.0,0.0,0.02,19459.0,19459.0,0.006,0.006
26,한국 vs 베네수엘,1-0,5-5,0.0,0.0,21.6,19459.0,19459.0,0.006,0.006
26,한국 vs 베네수엘,1-5,5-5,0.0,0.0,0.01,19459.0,19459.0,0.006,0.006
26,한국 vs 베네수엘,4-0,5-5,0.0,0.0,0.45,19459.0,19459.0,0.006,0.006
26,한국 vs 베네수엘,0-4,5-5,0.0,0.0,0.04,19459.0,19459.0,0.005,0.005
26,한국 vs 베네수엘,4-5,5-5,0.0,0.0,0.03,19459.0,19459.0,0.005,0.005
26,한국 vs 베네수엘,4-0,4-5,0.0,0.0,0.45,19459.0,19459.0,0.004,0.004
26,한국 vs 베네수엘,4-5,4-5,0.0,0.0,0.03,19459.0,19459.0,0.004,0.004
26,한국 vs 베네수엘,5-0,5-5,0.0,0.0,0.08,19459.0,19459.0,0.002,0.002
26,한국 vs 베네수엘,0-0,5-5,0.0,0.0,23.05,19459.0,19459.0,0.001,0.001
26,한국 vs 베네수엘,0-5,5-5,0.0,0.0,0.02,19459.0,19459.0,0.001,0.001
26,한국 vs 베네수엘,5-5,5-5,0.0,0.0,0.0,19459.0,19459.0,0.001,0.001
