Pinnacle경기,경기,공정확률,근거,기대값,라인,리그,매칭,번호,베트맨,선택,시각,유형,회차
South Korea vs Venezuela,한국 vs 베네수엘라,14.3,모델,1.083,-2.0,남자축구 국제친선경기,이름 일치,5944,7.6,승,10-02 20:00,핸디캡,116
Nicaragua vs Costa Rica,니카라과 vs 코스타리카,41.0,파생,1.065,1.0,CONCACAF 네이션스리그,이름 일치,5887,2.6,패,10-02 11:00,핸디캡,116
South Korea vs Venezuela,한국 vs 베네수엘라,31.7,파생,1.03,-1.0,남자축구 국제친선경기,이름 일치,5943,3.25,승,10-02 20:00,핸디캡,116
Curacao vs Trinidad and Tobago,퀴라소 vs 트리니다드 토바고,34.7,파생,1.006,-1.0,CONCACAF 네이션스리그,이름 일치,5867,2.9,승,10-02 07:00,핸디캡,116
South Korea vs Venezuela,한국 vs 베네수엘라,14.7,모델,0.998,-1.0,남자축구 국제친선경기,이름 일치,5948,6.8,승,10-02 20:00,전반 핸디캡,116
Israel vs Kosovo,이스라엘 vs 코소보,22.7,모델,0.987,1.0,UEFA 네이션스리그,이름 일치,5845,4.35,패,10-02 03:45,핸디캡,116
Curacao vs Trinidad and Tobago,퀴라소 vs 트리니다드 토바고,53.1,직접,0.983,2.5,CONCACAF 네이션스리그,이름 일치,5868,1.85,오버,10-02 07:00,언더오버,116
South Korea vs Venezuela,한국 vs 베네수엘라,41.8,직접,0.981,,남자축구 국제친선경기,이름 일치,5947,2.35,승,10-02 20:00,전반 승무패,116
Doosan Bears vs NC Dinos,두산 베어스 vs NC 다이노스,29.5,파생,0.975,,KBO,이름 일치,5754,3.3,1점차,10-01 18:30,승N패,116
Nicaragua vs Costa Rica,니카라과 vs 코스타리카,64.1,직접,0.975,,CONCACAF 네이션스리그,이름 일치,5886,1.52,패,10-02 11:00,승무패,116
Curacao vs Trinidad and Tobago,퀴라소 vs 트리니다드 토바고,59.0,직접,0.973,,CONCACAF 네이션스리그,이름 일치,5866,1.65,승,10-02 07:00,승무패,116
Tohoku Rakuten Golden Eagles vs Fukuoka Softbank Hawks,라쿠텐 골든이글스 vs 소프트뱅크 호크스,43.8,직접,0.972,2.5,NPB,이름 일치,5745,2.22,패,10-01 18:00,핸디캡,116
Azerbaijan vs Liechtenstein,아제르바이잔 vs 리히텐슈타인,65.6,모델,0.97,-1.0,UEFA 네이션스리그,이름 일치,5831,1.48,승,10-02 01:00,핸디캡,116
China vs Palestine,중국 vs 팔레스타인,18.3,모델,0.97,-1.0,남자축구 국제친선경기,이름 일치,5951,5.3,승,10-02 20:35,핸디캡,116
South Korea vs Venezuela,한국 vs 베네수엘라,56.9,직접,0.967,,남자축구 국제친선경기,이름 일치,5942,1.7,승,10-02 20:00,승무패,116
Greece vs Netherlands,그리스 vs 네덜란드,47.7,직접,0.964,,UEFA 네이션스리그,이름 일치,5840,2.02,패,10-02 03:45,승무패,116
Vietnam vs Pakistan,베트남 vs 파키스탄,33.2,모델,0.963,-2.0,FIFA 아세안컵,이름 일치,5916,2.9,패,10-02 18:00,핸디캡,116
Chiba Lotte Marines vs Hokkaido Nippon-Ham Fighters,지바롯데 마린스 vs 닛폰햄 파이터스,34.4,파생,0.962,,NPB,이름 일치,5749,2.8,1점차,10-01 18:00,승N패,116
Japan vs Ecuador,일본 vs 에콰도르,63.1,직접,0.959,,남자축구 국제친선경기,이름 일치,5789,1.52,승,10-01 19:10,승무패,116
Malta vs Gibraltar,몰타 vs 지브롤터,57.4,직접,0.958,2.5,UEFA 네이션스리그,이름 일치,5860,1.67,언더,10-02 03:45,언더오버,116
Greece vs Netherlands,그리스 vs 네덜란드,25.2,파생,0.957,1.0,UEFA 네이션스리그,이름 일치,5841,3.8,패,10-02 03:45,핸디캡,116
Chiba Lotte Marines vs Hokkaido Nippon-Ham Fighters,지바롯데 마린스 vs 닛폰햄 파이터스,33.3,직접,0.955,2.5,NPB,이름 일치,5750,2.87,패,10-01 18:00,핸디캡,116
Japan vs Ecuador,일본 vs 에콰도르,35.4,파생,0.955,-1.0,남자축구 국제친선경기,이름 일치,5790,2.7,승,10-01 19:10,핸디캡,116
Thailand vs China,태국_남자 vs 중국_남자,85.0,직접,0.953,,아시안게임 남자배구,이름 일치,5725,1.12,패,10-01 16:00,승패,116
Doosan Bears vs NC Dinos,두산 베어스 vs NC 다이노스,54.8,파생,0.953,,KBO,이름 일치,5758,1.74,승,10-01 18:30,전반 승무패,116
Germany vs Serbia,독일 vs 세르비아,61.5,모델,0.953,-1.0,UEFA 네이션스리그,이름 일치,5853,1.55,승,10-02 03:45,핸디캡,116
Vietnam vs Uzbekistan,베트남_남자 vs 우즈베키스탄_남자,42.0,직접,0.948,-2.5,아시안게임 남자배구,이름 일치,5730,2.26,승,10-01 16:00,핸디캡,116
Dominican Republic vs Haiti,도미니카공화국 vs 아이티,26.3,모델,0.948,1.0,CONCACAF 네이션스리그,이름 일치,5871,3.6,패,10-02 09:00,핸디캡,116
South Korea vs Venezuela,한국 vs 베네수엘라,44.1,직접,0.948,2.5,남자축구 국제친선경기,이름 일치,5945,2.15,오버,10-02 20:00,언더오버,116
SSG Landers vs LG Twins,SSG 랜더스 vs LG 트윈스,54.1,직접,0.947,10.5,KBO,이름 일치,5772,1.75,언더,10-01 18:30,언더오버,116
Thailand vs China,태국_남자 vs 중국_남자,71.1,직접,0.946,1.5,아시안게임 남자배구,이름 일치,5726,1.33,패,10-01 16:00,핸디캡,116
Samsung Lions vs Hanwha Eagles,삼성 라이온즈 vs 한화 이글스,12.0,파생,0.944,,KBO,이름 일치,5766,7.9,무,10-01 18:30,전반 승무패,116
SSG Landers vs LG Twins,SSG 랜더스 vs LG 트윈스,41.8,직접,0.944,2.5,KBO,이름 일치,5771,2.26,패,10-01 18:30,핸디캡,116
Doosan Bears vs NC Dinos,두산 베어스 vs NC 다이노스,15.7,파생,0.943,,KBO,이름 일치,5758,6.0,무,10-01 18:30,전반 승무패,116
Germany vs Serbia,독일 vs 세르비아,81.3,직접,0.943,,UEFA 네이션스리그,이름 일치,5852,1.16,승,10-02 03:45,승무패,116
Chiba Lotte Marines vs Hokkaido Nippon-Ham Fighters,지바롯데 마린스 vs 닛폰햄 파이터스,60.4,직접,0.942,,NPB,이름 일치,5748,1.56,패,10-01 18:00,승패,116
Kia Tigers vs KT Wiz,KIA 타이거즈 vs KT 위즈,47.3,직접,0.942,4.5,KBO,이름 일치,5784,1.99,언더,10-01 18:30,전반 언더오버,116
Germany vs Serbia,독일 vs 세르비아,40.7,파생,0.936,-2.0,UEFA 네이션스리그,이름 일치,5854,2.3,승,10-02 03:45,핸디캡,116
Kazakhstan vs Moldova,카자흐스탄 vs 몰도바,46.1,파생,0.936,-1.0,UEFA 네이션스리그,이름 일치,5955,2.03,패,10-02 23:00,핸디캡,116
South Korea vs Venezuela,한국 vs 베네수엘라,27.9,모델,0.934,-1.0,남자축구 국제친선경기,이름 일치,5948,3.35,무,10-02 20:00,전반 핸디캡,116
Doosan Bears vs NC Dinos,두산 베어스 vs NC 다이노스,71.3,직접,0.933,-2.5,KBO,이름 일치,5755,1.31,패,10-01 18:30,핸디캡,116
Azerbaijan vs Liechtenstein,아제르바이잔 vs 리히텐슈타인,85.3,직접,0.93,,UEFA 네이션스리그,이름 일치,5830,1.09,승,10-02 01:00,승무패,116
SSG Landers vs LG Twins,SSG 랜더스 vs LG 트윈스,52.1,직접,0.928,5.5,KBO,이름 일치,5776,1.78,언더,10-01 18:30,전반 언더오버,116
Malaysia vs Singapore,말레이시아 vs 싱가포르,66.7,직접,0.928,,FIFA 아세안컵,이름 일치,5803,1.39,승,10-01 21:30,승무패,116
Philippines vs Indonesia,필리핀_남자 vs 인도네시아_남자,17.0,직접,0.927,,아시안게임 남자배구,이름 일치,5785,5.44,승,10-01 19:00,승패,116
China vs Palestine,중국 vs 팔레스타인,51.1,직접,0.925,2.5,남자축구 국제친선경기,이름 일치,5952,1.81,언더,10-02 20:35,언더오버,116
Doosan Bears vs NC Dinos,두산 베어스 vs NC 다이노스,62.5,직접,0.924,,KBO,이름 일치,5753,1.48,승,10-01 18:30,승패,116
Vietnam vs Pakistan,베트남 vs 파키스탄,87.2,직접,0.924,,FIFA 아세안컵,이름 일치,5914,1.06,승,10-02 18:00,승무패,116
Doosan Bears vs NC Dinos,두산 베어스 vs NC 다이노스,56.3,직접,0.923,8.5,KBO,이름 일치,5756,1.64,언더,10-01 18:30,언더오버,116
SSG Landers vs LG Twins,SSG 랜더스 vs LG 트윈스,34.8,파생,0.922,,KBO,이름 일치,5774,2.65,승,10-01 18:30,전반 승무패,116
Kia Tigers vs KT Wiz,KIA 타이거즈 vs KT 위즈,27.9,파생,0.922,,KBO,이름 일치,5778,3.3,1점차,10-01 18:30,승N패,116
Malaysia vs Singapore,말레이시아 vs 싱가포르,44.6,직접,0.922,2.5,FIFA 아세안컵,이름 일치,5805,2.07,언더,10-01 21:30,언더오버,116
Israel vs Kosovo,이스라엘 vs 코소보,50.9,직접,0.922,2.5,UEFA 네이션스리그,이름 일치,5846,1.81,오버,10-02 03:45,언더오버,116
SSG Landers vs LG Twins,SSG 랜더스 vs LG 트윈스,51.1,파생,0.92,,KBO,이름 일치,5770,1.8,패,10-01 18:30,승N패,116
Tohoku Rakuten Golden Eagles vs Fukuoka Softbank Hawks,라쿠텐 골든이글스 vs 소프트뱅크 호크스,68.0,직접,0.918,,NPB,이름 일치,5743,1.35,패,10-01 18:00,승패,116
Samsung Lions vs Hanwha Eagles,삼성 라이온즈 vs 한화 이글스,50.4,직접,0.918,6.5,KBO,이름 일치,5768,1.82,오버,10-01 18:30,전반 언더오버,116
Dominican Republic vs Haiti,도미니카공화국 vs 아이티,46.7,직접,0.915,,CONCACAF 네이션스리그,이름 일치,5870,1.96,패,10-02 09:00,승무패,116
Vietnam vs Pakistan,베트남 vs 파키스탄,66.8,모델,0.915,-1.0,FIFA 아세안컵,이름 일치,5915,1.37,승,10-02 18:00,핸디캡,116
Kia Tigers vs KT Wiz,KIA 타이거즈 vs KT 위즈,38.9,파생,0.914,,KBO,이름 일치,5782,2.35,승,10-01 18:30,전반 승무패,116
Doosan Bears vs NC Dinos,두산 베어스 vs NC 다이노스,51.9,직접,0.913,4.5,KBO,이름 일치,5760,1.76,언더,10-01 18:30,전반 언더오버,116
Wales vs Norway,웨일스 vs 노르웨이,67.6,직접,0.913,,UEFA 네이션스리그,이름 일치,5836,1.35,패,10-02 03:45,승무패,116
Ireland vs Austria,아일랜드공화국 vs 오스트리아,56.7,모델,0.913,1.0,UEFA 네이션스리그,이름 일치,5849,1.61,승,10-02 03:45,핸디캡,116
Hanshin Tigers vs Yomiuri Giants,한신 타이거즈 vs 요미우리 자이언츠,74.7,직접,0.912,-2.5,NPB,이름 일치,5735,1.22,패,10-01 18:00,핸디캡,116
Nicaragua vs Costa Rica,니카라과 vs 코스타리카,53.9,직접,0.91,2.5,CONCACAF 네이션스리그,이름 일치,5888,1.69,오버,10-02 11:00,언더오버,116
Vietnam vs Pakistan,베트남 vs 파키스탄,15.7,모델,0.91,-1.0,FIFA 아세안컵,이름 일치,5915,5.8,패,10-02 18:00,핸디캡,116
Hanshin Tigers vs Yomiuri Giants,한신 타이거즈 vs 요미우리 자이언츠,62.7,직접,0.909,,NPB,이름 일치,5733,1.45,승,10-01 18:00,승패,116
Japan vs Qatar,일본_남자 vs 카타르_남자,58.6,직접,0.909,-2.5,아시안게임 남자배구,이름 일치,5794,1.55,승,10-01 19:20,핸디캡,116
Chiba Lotte Marines vs Hokkaido Nippon-Ham Fighters,지바롯데 마린스 vs 닛폰햄 파이터스,48.1,직접,0.908,6.5,NPB,이름 일치,5751,1.89,오버,10-01 18:00,언더오버,116
Samsung Lions vs Hanwha Eagles,삼성 라이온즈 vs 한화 이글스,44.5,직접,0.908,-2.5,KBO,이름 일치,5763,2.04,승,10-01 18:30,핸디캡,116
Kia Tigers vs KT Wiz,KIA 타이거즈 vs KT 위즈,45.0,직접,0.908,,KBO,이름 일치,5777,2.02,승,10-01 18:30,승패,116
Samsung Lions vs Hanwha Eagles,삼성 라이온즈 vs 한화 이글스,50.7,직접,0.907,11.5,KBO,이름 일치,5764,1.79,언더,10-01 18:30,언더오버,116
Seattle Sounders vs Sporting Kansas City,시애틀 사운더스FC vs 스포팅 캔자스시티,63.9,직접,0.907,,미국 메이저리그사커,이름 일치,5882,1.42,승,10-02 10:30,승무패,116
Wales vs Norway,웨일스 vs 노르웨이,60.0,직접,0.906,3.5,UEFA 네이션스리그,이름 일치,5838,1.51,언더,10-02 03:45,언더오버,116
China vs Palestine,중국 vs 팔레스타인,62.9,모델,0.906,-1.0,남자축구 국제친선경기,이름 일치,5951,1.44,패,10-02 20:35,핸디캡,116
Ireland vs Austria,아일랜드공화국 vs 오스트리아,21.5,모델,0.905,1.0,UEFA 네이션스리그,이름 일치,5849,4.2,패,10-02 03:45,핸디캡,116
Dominican Republic vs Haiti,도미니카공화국 vs 아이티,42.1,직접,0.905,2.5,CONCACAF 네이션스리그,이름 일치,5872,2.15,언더,10-02 09:00,언더오버,116
Kazakhstan vs Moldova,카자흐스탄 vs 몰도바,55.9,직접,0.905,2.5,UEFA 네이션스리그,이름 일치,5956,1.62,언더,10-02 23:00,언더오버,116
Israel vs Kosovo,이스라엘 vs 코소보,42.4,직접,0.904,,UEFA 네이션스리그,이름 일치,5844,2.13,패,10-02 03:45,승무패,116
Malta vs Gibraltar,몰타 vs 지브롤터,74.1,직접,0.904,,UEFA 네이션스리그,이름 일치,5858,1.22,승,10-02 03:45,승무패,116
Ireland vs Austria,아일랜드공화국 vs 오스트리아,44.1,직접,0.903,,UEFA 네이션스리그,이름 일치,5848,2.05,패,10-02 03:45,승무패,116
Thailand vs Philippines,태국 vs 필리핀,63.2,직접,0.903,,FIFA 아세안컵,이름 일치,5910,1.43,승,10-02 18:00,승무패,116
Malaysia vs Singapore,말레이시아 vs 싱가포르,41.0,파생,0.902,-1.0,FIFA 아세안컵,이름 일치,5804,2.2,승,10-01 21:30,핸디캡,116
Greece vs Netherlands,그리스 vs 네덜란드,57.1,직접,0.902,2.5,UEFA 네이션스리그,이름 일치,5842,1.58,오버,10-02 03:45,언더오버,116
Ireland vs Austria,아일랜드공화국 vs 오스트리아,57.4,직접,0.902,2.5,UEFA 네이션스리그,이름 일치,5850,1.57,언더,10-02 03:45,언더오버,116
Vietnam vs Uzbekistan,베트남_남자 vs 우즈베키스탄_남자,81.1,직접,0.9,,아시안게임 남자배구,이름 일치,5729,1.11,승,10-01 16:00,승패,116
